date,portfolio_return
2017-01-05,-0.002213799906938241
2017-01-06,-0.0034216230790147725
2017-01-09,0.00392221678591175
2017-01-10,-0.0004128214995224648
2017-01-11,0.002656441234081689
2017-01-12,-0.0007363393489015929
2017-01-13,-0.0018436496673618213
2017-01-16,0.0007227160380712174
2017-01-17,0.0010305834259063847
2017-01-18,-0.004047878715673648
2017-01-19,-0.001046452362287946
2017-01-20,-0.0036012120556295525
2017-01-23,0.0023355910196063753
2017-01-24,-0.0030929282721495967
2017-01-25,-0.002475474488710253
2017-01-26,-0.0036712622759189884
2017-01-27,0.0007418730465439973
2017-01-30,-0.0032457983304722093
2017-01-31,0.001231580610220489
2017-02-01,-0.0035431994723496836
2017-02-02,0.004090061073670766
2017-02-03,-0.00021931594204014325
2017-02-06,-0.003922535075718495
2017-02-07,0.0021773916283858064
2017-02-08,0.005648083509457792
2017-02-09,0.002563307913880136
2017-02-10,-0.0023674796289756108
2017-02-13,0.002012961974500905
2017-02-14,-0.00020658416207274243
2017-02-15,0.0007252918865107123
2017-02-16,0.0034268044514604245
2017-02-17,-0.0016410881889307176
2017-02-20,0.0012782544569968162
2017-02-21,-0.001884404466942838
2017-02-22,0.003324941256649363
2017-02-23,0.00131507944816486
2017-02-24,0.0028104342276548456
2017-02-27,0.00217027185489301
2017-02-28,0.0005700149613573305
2017-03-01,-0.0014395814200813275
2017-03-02,-0.001158022990075006
2017-03-03,-0.0005457837790228413
2017-03-06,-0.0029325906872468867
2017-03-07,0.0001781593310328739
2017-03-08,-0.004130670444957957
2017-03-09,-0.001882483958766123
2017-03-10,-0.004327062194911643
2017-03-13,-0.0015928715651732073
2017-03-14,0.001006826966707664
2017-03-15,0.004985543436893891
2017-03-16,-0.00467139073192808
2017-03-17,-0.0008425886427912926
2017-03-20,0.00040893048676916214
2017-03-21,0.0001269382408218521
2017-03-22,0.0020214430250131586
2017-03-23,0.000507615515559642
2017-03-24,0.002060675736156089
2017-03-27,-0.0007917377574069017
2017-03-28,0.0020631342460364303
2017-03-29,0.0035729562571150033
2017-03-30,0.0015032206365498488
2017-03-31,0.0003707946554712528
2017-04-03,0.0007976590227312416
2017-04-04,0.0022491934483777165
2017-04-05,0.0008206786423780293
2017-04-06,-0.00037294121112414736
2017-04-07,0.002264927573282232
2017-04-10,0.00011270664662661257
2017-04-11,-0.002392080181642023
2017-04-12,0.0007835037097008038
2017-04-13,-0.0018629682874649056
2017-04-18,0.0015157952769057352
2017-04-19,-0.0016482132026916215
2017-04-20,0.00027828348077062485
2017-04-21,-0.00019682234031955233
2017-04-24,0.001624143929696034
2017-04-25,-0.002230000853876663
2017-04-26,-0.0007419341399615584
2017-04-27,0.003024852746596104
2017-04-28,-1.9857624532540453e-05
2017-05-02,-0.0008764973199378936
2017-05-03,0.0004580051962785873
2017-05-04,-0.00013395477592192625
2017-05-05,-0.0004900142406047659
2017-05-08,-0.0003683567334521159
2017-05-09,-0.0005072458908238807
2017-05-10,0.0015424115513877129
2017-05-11,-0.0018918232829350746
2017-05-12,0.0026193005045388055
2017-05-15,-0.0015853276388958903
2017-05-16,-0.0005892242526088816
2017-05-17,-0.0003791106240287139
2017-05-18,0.00022325157716220013
2017-05-19,0.0016541071795280347
2017-05-22,-0.002815109005642427
2017-05-23,0.0002507640777614744
2017-05-24,0.0007868393461989841
2017-05-25,0.0022442017931685065
2017-05-26,0.002334258692104666
2017-05-30,0.0018041051014882365
2017-05-31,-0.0014283461471154347
2017-06-01,-0.001261616781607117
2017-06-02,0.0029370411041799915
2017-06-05,-0.0009159839942747588
2017-06-06,0.001762387831504808
2017-06-07,-0.0014110018754834412
2017-06-08,0.003091651618723564
2017-06-09,0.003883885520475432
2017-06-12,0.000122183969320556
2017-06-13,0.0009539062340620841
2017-06-14,0.002515709282836591
2017-06-15,-0.004440825390212385
2017-06-16,0.001504348580442331
2017-06-19,0.0007222413672596649
2017-06-20,0.0027296740939219306
2017-06-21,-0.00015564221742272332
2017-06-22,-9.363440049475671e-05
2017-06-23,0.00020036623732241346
2017-06-27,-0.007428036535607883
2017-06-28,-0.0024322957587143727
2017-06-29,-0.008254286359379802
2017-06-30,-0.0016532643161094932
2017-07-03,0.0010881080135207591
2017-07-04,0.00039305214385773515
2017-07-05,0.0010186122171204723
2017-07-06,-0.0006160109307353767
2017-07-07,-0.009614544474391343
2017-07-10,0.003135862401101708
2017-07-11,-0.0006834663154509605
2017-07-12,0.0005222284107247912
2017-07-13,0.0013320114465773104
2017-07-14,0.0008370978102302427
2017-07-17,-0.0007018478807253111
2017-07-18,0.004386080473124396
2017-07-19,-0.0007857762849988927
2017-07-20,0.0008947475435269447
2017-07-21,-0.0023798738763100534
2017-07-24,0.0036594391111460893
2017-07-25,0.0014518753998665882
2017-07-26,-0.00018916574417430772
2017-07-27,-0.0027908430184691835
2017-07-28,-0.0001739368609635734
2017-07-31,-0.0007903536020968302
2017-08-01,0.002214958803979983
2017-08-02,3.545629256003922e-05
2017-08-03,-0.0005244161876758141
2017-08-04,-0.0005177978506103566
2017-08-07,0.002554618807681107
2017-08-08,-0.0004698558946256236
2017-08-09,0.0012322364943557827
2017-08-10,-0.0016710819836530623
2017-08-11,-0.001686574449743419
2017-08-14,0.0018192557859265314
2017-08-15,0.0009924230677426096
2017-08-16,0.0009551762736252174
2017-08-17,-0.0013527036223196416
2017-08-18,1.5404057117052628e-05
2017-08-21,-0.0018677370100708295
2017-08-22,-6.035086008135946e-05
2017-08-23,0.0007932203213551085
2017-08-24,-0.0018343373777557797
2017-08-25,0.0002947936506188717
2017-08-29,-0.003842018980332604
2017-08-30,0.0017500517697644612
2017-08-31,0.0033582143872417187
2017-09-01,-0.0001592938031562529
2017-09-04,0.0007333879562367386
2017-09-05,0.0015151956045812336
2017-09-06,-0.0012953774522297225
2017-09-07,0.0007160394773784237
2017-09-08,-0.0020011938116257675
2017-09-11,0.0020164922878417252
2017-09-12,0.0009346628443939604
2017-09-13,0.0002635919145111255
2017-09-14,0.0010970304272475795
2017-09-15,-0.001322532028592636
2017-09-18,-0.0020833750751590536
2017-09-19,0.00013456621192912946
2017-09-20,-0.0006242402180693528
2017-09-21,0.0019890293518579644
2017-09-22,-0.002575989893890353
2017-09-25,0.0027745004693608324
2017-09-26,0.0019440200468376174
2017-09-27,0.0013560767377579074
2017-09-28,-0.0012911306910068508
2017-09-29,7.053720332312997e-05
2017-10-02,0.0005507926030651024
2017-10-03,0.0018995392572849009
2017-10-04,-0.002073853700977427
2017-10-05,0.0022320024193531384
2017-10-06,0.00048524127484872627
2017-10-09,0.0001672416856316524
2017-10-10,0.0005467985825907905
2017-10-11,-0.0008080418711952631
2017-10-12,-0.0005811249691939378
2017-10-13,0.005145378171985502
2017-10-16,0.0028516530284205506
2017-10-17,0.00025746430271675704
2017-10-18,-0.001129190698311483
2017-10-19,-0.001022030614624902
2017-10-20,-0.0008786988060999741
2017-10-23,0.0033639846310233356
2017-10-24,-0.002671934230655315
2017-10-25,-0.0026549933555572694
2017-10-26,0.004834289988482156
2017-10-27,0.006921256005284662
2017-10-30,0.0026645470794156353
2017-10-31,-3.549191457770379e-05
2017-11-01,0.001497447686369855
2017-11-02,0.00030001935571157077
2017-11-03,0.0007072100807493971
2017-11-06,0.0022869941898493416
2017-11-07,0.003114171627454719
2017-11-08,0.0003139844127663208
2017-11-09,-0.006078289463736274
2017-11-10,-0.0036829721382553985
2017-11-13,-4.893768718931108e-05
2017-11-14,-0.0016580409297496414
2017-11-15,-0.003096206950039654
2017-11-16,0.0026133538626836156
2017-11-17,0.00010479048500313052
2017-11-20,0.0021530609722408486
2017-11-21,0.0037735478783289932
2017-11-22,-0.0002589433177755346
2017-11-23,-0.0014230622802249727
2017-11-24,-0.002101512514123091
2017-11-27,-0.0006140679678424737
2017-11-28,0.0018974562746308166
2017-11-29,0.001248250516352861
2017-11-30,0.0008785813628633808
2017-12-01,0.00016262127748396327
2017-12-04,0.0007305834869202796
2017-12-05,0.0008212231406393609
2017-12-06,-0.0014819795790615787
2017-12-07,0.00237871088419491
2017-12-08,0.0017926962439688142
2017-12-11,0.0004989037546787674
2017-12-12,-0.0019694431543578195
2017-12-13,-0.000512268667093083
2017-12-14,-0.0015775739481803637
2017-12-15,0.0020956005622884003
2017-12-18,0.0016278845232903876
2017-12-19,-0.0006882278826154157
2017-12-20,-0.0013174320359028442
2017-12-21,-0.004844151149423651
2017-12-22,0.0005217291802496386
2017-12-27,-4.737309343633056e-05
2017-12-28,-0.0021544601086136332
2017-12-29,-0.0022370864961070236
2018-01-02,-0.0005721794910952988
2018-01-03,0.0005619408743573991
2018-01-04,0.003277816765901736
2018-01-05,0.001185900115856394
2018-01-08,0.002460129520949852
2018-01-09,4.893844051519496e-05
2018-01-10,-0.0023546551645482194
2018-01-11,-0.0026848499544189787
2018-01-12,0.0021129738437374816
2018-01-15,-0.0041864422272414
2018-01-16,0.0016794010519883816
2018-01-17,-0.00018486042499349614
2018-01-18,0.0018062567407391838
2018-01-19,0.001301050793546048
2018-01-22,0.0013434806834359831
2018-01-23,0.0023229913242184194
2018-01-24,-0.003337940201143189
2018-01-25,-0.0024803884024468797
2018-01-26,0.000834230818528994
2018-01-29,-0.0038552186963367223
2018-01-30,-0.002870806068948691
2018-01-31,-0.0008118077909702858
2018-02-01,-0.0010358323564863873
2018-02-02,-0.007655964738998738
2018-02-05,-0.002401746462858875
2018-02-06,-0.005107546161591696
2018-02-07,0.00502554120916398
2018-02-08,-0.007053606311503556
2018-02-09,-0.0021783906915398893
2018-02-12,0.0029351985525186888
2018-02-13,-0.001492392712918965
2018-02-14,0.0004918020729378489
2018-02-15,0.0009884098929368067
2018-02-16,0.0031972072904776737
2018-02-19,0.00038954117258186127
2018-02-20,0.0005387004040371592
2018-02-21,0.0019575600380753976
2018-02-22,0.0002073308784085264
2018-02-23,0.0008730715905368263
2018-02-26,0.004730392637759126
2018-02-27,-0.0013471006650109607
2018-02-28,0.0010337944175477668
2018-03-01,-0.0018725869340420604
2018-03-02,-0.006086900932391494
2018-03-05,0.0025659891283617226
2018-03-06,-0.0006967908256767736
2018-03-07,-0.0014447332305936916
2018-03-08,0.0013570092050934756
2018-03-09,0.0035830772638387864
2018-03-12,0.0013305414828590086
2018-03-13,0.0009649268077469365
2018-03-14,-0.001102099281634873
2018-03-15,0.002216184423348433
2018-03-16,0.0011099096794987711
2018-03-19,0.0003088106469522555
2018-03-20,-0.0010936894486208854
2018-03-21,0.0006878026980811694
2018-03-22,0.0015764757849220747
2018-03-23,0.0004193498204612613
2018-03-26,-0.0009032116983291778
2018-03-27,-0.0002008272356122801
2018-03-28,0.0017708339867711959
2018-03-29,0.006137236262189622
2018-04-03,-0.0012549499418548502
2018-04-04,0.000832007335395286
2018-04-05,-0.0007203536029381768
2018-04-06,0.0011626909195208413
2018-04-09,-0.00015235380764473314
2018-04-10,-0.00147509409788776
2018-04-11,0.00021182756836431003
2018-04-12,-0.0011860550495783131
2018-04-13,0.0010133498467054633
2018-04-16,-0.0007990591121538706
2018-04-17,0.00032598720737005594
2018-04-18,0.00034312072339604476
2018-04-19,-0.003576094986892575
2018-04-20,0.0009171758999165754
2018-04-23,-0.0012325724065205932
2018-04-24,0.000783062539525208
2018-04-25,-0.0012027378579720603
2018-04-26,0.001690512072181433
2018-04-27,0.005759363826936281
2018-04-30,-0.001327072424578169
2018-05-02,0.000786099995467983
2018-05-03,0.004357040699333539
2018-05-04,-0.0024192163222429884
2018-05-08,-0.0008487995831160599
2018-05-09,0.0010635679239754863
2018-05-10,0.0010749235393366962
2018-05-11,-0.0012273861011076383
2018-05-14,-0.000791865107525878
2018-05-15,-0.004391526601303688
2018-05-16,0.0011579055611634762
2018-05-17,0.00040858327464552357
2018-05-18,0.0006304623638321312
2018-05-21,0.0009588982224357921
2018-05-22,-0.000533001400296743
2018-05-23,-0.002387693827505771
2018-05-24,0.0033761392740675245
2018-05-25,0.0002479560378699548
2018-05-29,-0.006110491347272784
2018-05-30,0.001423829932947452
2018-05-31,0.0023876270196531804
2018-06-01,-0.0009248426272220919
2018-06-04,0.003120273809994688
2018-06-05,-0.0024191704657286137
2018-06-06,-0.007786874256629083
2018-06-07,-0.0018332244834365964
2018-06-08,-0.0003881724109587232
2018-06-11,0.0025078157440704537
2018-06-12,-0.000171492334945132
2018-06-13,0.000879708318191442
2018-06-14,-0.001182043050199938
2018-06-15,0.014211586542987056
2018-06-18,-0.00025334305182664037
2018-06-19,0.00036589797793847684
2018-06-20,-8.732801997435668e-05
2018-06-21,-0.0008222449967890469
2018-06-22,-0.0005901673435688378
2018-06-25,-0.002135755563674087
2018-06-26,-0.003813551869593228
2018-06-27,0.005060855506012499
2018-06-28,0.0014103368530488517
2018-06-29,0.0024196764383195247
2018-07-02,-0.0026014009634768936
2018-07-03,0.0020514958510659625
2018-07-04,-0.0007522464394891681
2018-07-05,0.0003124425453892635
2018-07-06,-0.0005054791939020158
2018-07-09,-0.000371182013662603
2018-07-10,-0.0005651296183180046
2018-07-11,-0.0004585319773930651
2018-07-12,0.001305586752560843
2018-07-13,0.001141084926429293
2018-07-16,-0.0010084666782550179
2018-07-17,6.725457483331787e-05
2018-07-18,0.004466794254289936
2018-07-19,0.0005712436326343635
2018-07-20,-0.0011661552291966008
2018-07-23,-0.006916206525215943
2018-07-24,0.0015181295810690531
2018-07-25,0.0013366399227793314
2018-07-26,-0.0013768815122882313
2018-07-27,0.002544573913788786
2018-07-30,-0.004339002891554127
2018-07-31,0.0004098815853775117
2018-08-01,-0.003455070502120431
2018-08-02,5.493939776918824e-06
2018-08-03,0.003912742596744688
2018-08-06,0.0024724787156253872
2018-08-07,-0.00042447437097747063
2018-08-08,-0.0009657899507804964
2018-08-09,-0.00019021792006264574
2018-08-10,0.0021414226805755916
2018-08-13,0.002334984813344107
2018-08-14,-0.00021509896949539487
2018-08-15,0.0009165123533078033
2018-08-16,0.0002124936554805743
2018-08-17,0.0004344819787245212
2018-08-20,0.0012841143114625724
2018-08-21,-0.001138903939652273
2018-08-22,-0.0013352286456512854
2018-08-23,0.00016260942868370957
2018-08-24,-0.001679382385677886
2018-08-28,-0.005665386203288279
2018-08-29,-0.001718647152753131
2018-08-30,0.0005263636210525652
2018-08-31,0.001722360930667877
2018-09-03,0.0027295346009780174
2018-09-04,-0.0008521747669543564
2018-09-05,-0.00012084103315670064
2018-09-06,-0.0013332431688253608
2018-09-07,-0.0001286337228788101
2018-09-10,0.002476111503426175
2018-09-11,-0.0020825025033703276
2018-09-12,0.000665115122485369
2018-09-13,-0.0008245723569091147
2018-09-14,-0.002677577997164919
2018-09-17,0.0023621757667926725
2018-09-18,-0.0007771763354047111
2018-09-19,-0.0018111257929396163
2018-09-20,0.0005326365483959467
2018-09-21,0.0007202280770571968
2018-09-24,-0.0012722403508254243
2018-09-25,-0.002874041121523759
2018-09-26,0.0014963050402061002
2018-09-27,0.0006004900364739855
2018-09-28,0.0012856427957793253
2018-10-01,-0.0016164054285016942
2018-10-02,0.0013173926372459747
2018-10-04,-0.0048604381680678954
2018-10-05,-0.0033632188855967655
2018-10-08,-0.0017139715401117415
2018-10-09,0.0014388785711750294
2018-10-10,-0.001514150243487186
2018-10-11,-0.0013370790773257085
2018-10-12,-0.0011170814003166358
2018-10-15,0.000632746457227991
2018-10-16,0.0020869378859235048
2018-10-17,0.0005764115703251345
2018-10-18,-0.00019014768146929253
2018-10-19,0.0006626407280803583
2018-10-22,0.0002360525134681508
2018-10-23,0.0012790160907327596
2018-10-24,0.0009453446889397867
2018-10-25,0.0030177380235712893
2018-10-26,0.000458472347538224
2018-10-29,0.0034358331663329866
2018-10-30,-0.0006362240853094798
2018-10-31,0.0007071967452795274
2018-11-01,0.0008356540932040944
2018-11-02,-0.0019111026073804775
2018-11-05,-0.0002473009718047555
2018-11-06,-0.0007821270407759756
2018-11-07,0.0005656886815299364
2018-11-08,-0.0004245004894563536
2018-11-09,0.0010778521043184192
2018-11-12,0.001689807196649276
2018-11-13,0.0012622240993181736
2018-11-14,-0.002199127272670565
2018-11-15,0.0024454240722085055
2018-11-16,-0.0017391186674485372
2018-11-19,-0.0035814649076323707
2018-11-20,-0.001894267259250064
2018-11-21,0.004753719940306807
2018-11-22,-0.0005225006926112413
2018-11-23,0.001874718912150671
2018-11-26,0.0033343684318629455
2018-11-27,0.0003692492314426336
2018-11-28,0.0007071956279172096
2018-11-29,0.0023306397387450185
2018-11-30,-0.0011592806610902491
2018-12-03,0.0035988078966051216
2018-12-04,0.0012865716573054252
2018-12-05,-0.001028337758430454
2018-12-06,-0.0013286865848084937
2018-12-07,0.00034624637433340903
2018-12-10,-0.0007529471872908639
2018-12-11,0.001087654445683833
2018-12-12,0.0013248937329941473
2018-12-13,-0.0012212643778642558
2018-12-14,0.0003409641249990516
2018-12-17,0.0011551583018903813
2018-12-18,-0.0010003782418514207
2018-12-19,0.002576949620055373
2018-12-20,-0.0009381965453186642
2018-12-21,-0.0046258622260639155
2018-12-27,0.0027558338217779314
2018-12-28,0.00016540073574203783
2019-01-02,0.004304661652875083
2019-01-03,0.0024261955981664317
2019-01-04,-0.002807980641256838
2019-01-07,-0.0007904340862362802
2019-01-08,-0.0022671399586446797
2019-01-09,0.0014871163585259708
2019-01-10,-0.0011710141971860465
2019-01-11,0.0031813836411414757
2019-01-14,0.0016831490647572908
2019-01-15,0.0017367617249559716
2019-01-16,0.0014742968586982535
2019-01-17,-0.0004496291677233761
2019-01-18,0.0011687801113652286
2019-01-21,-0.0005456171836311706
2019-01-22,-0.00027340108676821825
2019-01-23,0.0015294258152661778
2019-01-24,0.0008545335994266912
2019-01-25,0.004836713212591829
2019-01-28,-0.00251226762820675
2019-01-29,0.000503602804632403
2019-01-30,0.0006899496810431669
2019-01-31,0.002556964964260765
2019-02-01,-0.0022166301162291845
2019-02-04,-0.0013110309040547951
2019-02-05,0.0018778165641109516
2019-02-06,7.57498679474091e-05
2019-02-07,-0.0002504842293226924
2019-02-08,0.0009408544515750933
2019-02-11,0.00039751256041906037
2019-02-12,0.0012550599333880125
2019-02-13,-0.0008035148977385473
2019-02-14,0.0033479981733494165
2019-02-15,4.118759611467697e-06
2019-02-18,0.00029875807560172067
2019-02-19,8.29262599454226e-05
2019-02-20,-0.0004757262650472271
2019-02-21,-0.0009932615098060542
2019-02-22,0.0015161200794268203
2019-02-25,0.0008390248962004583
2019-02-26,-0.0002486945180142768
2019-02-27,-0.002504197719859798
2019-02-28,-0.0012173579942723195
2019-03-01,-0.000193277066777044
2019-03-04,0.0016210940309938225
2019-03-05,0.0007725780144039391
2019-03-06,0.00450750810933676
2019-03-07,0.0049474253046332154
2019-03-08,0.0014499466822725916
2019-03-11,0.00020479230415758201
2019-03-12,0.0002632561278237797
2019-03-13,-0.0008600179066673716
2019-03-14,-0.0012626935478970579
2019-03-15,0.002230214792414502
2019-03-18,0.0016732001351198247
2019-03-19,-0.0018808276289649167
2019-03-20,-0.0004323611358136824
2019-03-21,0.0038088762566960655
2019-03-22,0.003127343175126422
2019-03-25,-0.0003620120901719159
2019-03-26,0.001403657534148814
2019-03-27,0.004155886094764567
2019-03-28,-0.0008560785107558906
2019-03-29,0.0003217040191938892
2019-04-01,-0.002245595266781349
2019-04-02,0.001345589014486212
2019-04-03,0.00016829847558838486
2019-04-04,-0.0013460515758843667
2019-04-05,0.0004749448135037192
2019-04-08,-0.00030123426568708165
2019-04-09,0.00025690954110233204
2019-04-10,0.0017371302645124715
2019-04-11,-0.00045137535706144677
2019-04-12,-0.002796994549153824
2019-04-15,-0.0015492625593933067
2019-04-16,7.2218045187392435e-06
2019-04-17,-0.0005629013722434617
2019-04-18,0.002851836136582073
2019-04-23,-0.0010576934881862425
2019-04-24,0.0031021048418886903
2019-04-25,0.0002526016726924935
2019-04-26,0.003323755617275504
2019-04-29,-0.000751303249923626
2019-04-30,-0.0007499847549184736
2019-05-02,-0.0011449778530651996
2019-05-03,0.001887569435878123
2019-05-07,-0.00028273362715365916
2019-05-08,-0.0004897518877645216
2019-05-09,-0.0036830908463887416
2019-05-10,0.0004722863875169654
2019-05-13,-0.00014647243276130843
2019-05-14,0.00040977177838659516
2019-05-15,0.0023154137723750737
2019-05-16,0.0018329316568812977
2019-05-17,0.001432449864717844
2019-05-20,-0.002088307582972356
2019-05-21,-3.4795669469446034e-05
2019-05-23,0.0016236510157907448
2019-05-24,0.0026222277463220436
2019-05-28,0.0003945650474338504
2019-05-29,0.0021733012020982577
2019-05-30,0.00025213598235911626
2019-05-31,0.0017818862965718915
2019-06-03,0.001302358850194163
2019-06-04,-0.0001398552135666885
2019-06-05,0.0018941520662652885
2019-06-06,0.001883888549574157
2019-06-07,0.0030124067773924976
2019-06-11,-0.0019212130744595734
2019-06-12,-0.001461981578302139
2019-06-13,0.0019322875029623924
2019-06-14,0.0021691506928634583
2019-06-17,-0.00018710484748730164
2019-06-18,0.00954498499118645
2019-06-19,-0.00267600298359601
2019-06-20,0.0021710905777461054
2019-06-21,-0.003229286818439279
2019-06-24,0.001051691189507684
2019-06-25,-0.00040376147895544544
2019-06-26,0.00018919195511657517
2019-06-27,-5.13709211591127e-06
2019-06-28,0.0020366610893107887
2019-07-01,0.005089990044773056
2019-07-02,0.0025450685616831086
2019-07-03,0.0058029445333436305
2019-07-04,-0.00035273745489234904
2019-07-05,-0.004473440723607235
2019-07-08,-0.001038494727435219
2019-07-09,-0.00024722489737656275
2019-07-10,-0.0017191488302269787
2019-07-11,-0.0022357220569657484
2019-07-12,-0.002631396996460709
2019-07-15,0.004156298622316856
2019-07-16,0.0009876378906065728
2019-07-17,0.0021678528977647224
2019-07-18,0.0019048110132419394
2019-07-19,0.0005039497504728076
2019-07-22,-0.00019070823574060143
2019-07-23,0.0017088272395996257
2019-07-24,0.0036799068847953105
2019-07-25,-0.0013332324954776654
2019-07-26,-0.00010707158730845326
2019-07-29,0.0009718364991820736
2019-07-30,-7.379884883271272e-05
2019-07-31,-5.686485088958041e-05
2019-08-01,0.0035881995334283694
2019-08-02,0.0007485089982723259
2019-08-05,-0.0011334901163751077
2019-08-06,0.0009567040059830045
2019-08-07,0.0047240106875513195
2019-08-08,-0.0026427720568860677
2019-08-09,-0.003956696598533831
2019-08-12,0.0018186408146812858
2019-08-13,0.003148655694886945
2019-08-14,-0.0008511990601769442
2019-08-15,0.009968706676799931
2019-08-16,-0.002070019434442969
2019-08-19,-0.0015560110870140535
2019-08-20,0.003593632090801668
2019-08-21,-0.0006306165924163296
2019-08-22,-0.002396021676768204
2019-08-23,0.0004436336032534299
2019-08-27,0.004285233722054753
2019-08-28,0.0027444235633259364
2019-08-29,-0.0003449868475053124
2019-08-30,-0.0002355425897283271
2019-09-02,0.00035243116160303895
2019-09-03,-0.00014040303414859207
2019-09-04,0.0012631788127349466
2019-09-05,-0.005615396704198058
2019-09-06,0.003551551789179531
2019-09-09,0.00010990370608730037
2019-09-10,-0.007504776343729532
2019-09-11,0.0029464261027701355
2019-09-12,0.0006761614757742248
2019-09-13,-0.004858998113495226
2019-09-16,0.0014001449795301856
2019-09-17,-0.001881985306291474
2019-09-18,-0.0003330115099410445
2019-09-19,0.002886502854780008
2019-09-20,-0.0002478628013975491
2019-09-23,0.005049843408543251
2019-09-24,0.0011866514531891745
2019-09-25,-0.0016738720951068892
2019-09-26,0.00026779787429269793
2019-09-27,0.0004554867785921873
2019-09-30,-7.159519936482324e-05
2019-10-01,-0.0009312052244105002
2019-10-02,-0.0036349103639481198
2019-10-04,0.0036474727986804197
2019-10-07,-0.0004515996514121321
2019-10-08,0.0004245664236599859
2019-10-09,-0.0021789769760685316
2019-10-10,-0.004885319853031942
2019-10-11,-0.0008366826584763043
2019-10-14,0.0013974426337276698
2019-10-15,-0.0009651469311774213
2019-10-16,-0.0017073436641544335
2019-10-17,0.0010848766046758548
2019-10-18,-0.0017368546220149334
2019-10-21,-0.0028564310896407544
2019-10-22,0.0021556282841227728
2019-10-23,0.0010173873517081197
2019-10-24,0.0012262962495221648
2019-10-25,-0.0016180295979657667
2019-10-28,-0.0034576588514460345
2019-10-29,0.0016855306031400186
2019-10-30,-0.00032002841049596917
2019-10-31,0.003141304776809238
2019-11-01,-0.0021305739475895786
2019-11-04,-0.0012837077763169968
2019-11-05,-0.0011737271789722704
2019-11-06,0.0005383379360467909
2019-11-07,-0.006092955013654953
2019-11-08,0.00032541374592303605
2019-11-11,-0.002690465773880139
2019-11-12,0.0005490677943672747
2019-11-13,0.0012047055559294179
2019-11-14,-0.00047418553730338344
2019-11-15,0.0022832142631619
2019-11-18,0.000695871997487376
2019-11-19,-0.0007640821902088609
2019-11-20,0.0009211954476480151
2019-11-21,-0.0018676140573651305
2019-11-22,0.002458334519853155
2019-11-25,0.0012572106416514342
2019-11-26,0.0008961144100112237
2019-11-27,-0.0006644329803810547
2019-11-28,-0.000828662236359848
2019-11-29,-0.0011645486608203646
2019-12-02,-0.006792697262144855
2019-12-03,0.004151043189965784
2019-12-04,-0.0005017469954055897
2019-12-05,-0.0032619662689237243
2019-12-06,0.0014193524596730887
2019-12-09,0.00202973761723992
2019-12-10,-2.9850806406639917e-05
2019-12-11,0.0024912565775402637
2019-12-12,-0.0022192260212212803
2019-12-13,0.0029331399225310155
2019-12-16,-0.00011450653676162593
2019-12-17,0.0015435391008669873
2019-12-18,-0.002985258983906543
2019-12-19,-0.0009584196498938122
2019-12-20,0.0005479578949194672
2019-12-23,0.00014588832351571508
2019-12-27,0.0018479123219968987
2019-12-30,-0.0041218064690310766
2020-01-02,0.001823499731790008
2020-01-03,0.004399129869156348
2020-01-06,-0.0009455025806917956
2020-01-07,-0.0003722478815564543
2020-01-08,-0.0007247780498147139
2020-01-09,-0.0006176795885003946
2020-01-10,0.0014662757780644412
2020-01-13,-0.0025193240294865494
2020-01-14,0.0003426742753104018
2020-01-15,0.001590441973454719
2020-01-16,-0.0002463552601973022
2020-01-17,0.001241498246456607
2020-01-20,0.0007674363831812532
2020-01-21,0.0010710796832155024
2020-01-22,0.001077510373121877
2020-01-23,0.0033264227370725626
2020-01-24,0.0017166404305693928
2020-01-27,0.0036242234616571146
2020-01-28,-0.000977329582996485
2020-01-29,0.0022453980040825555
2020-01-30,0.001054873240974744
2020-01-31,0.0012771259212374013
2020-02-03,-0.0006990475717692355
2020-02-04,0.0007025158669164778
2020-02-05,-0.001203898351680276
2020-02-06,-0.00021179186688341436
2020-02-07,0.0009032413475846138
2020-02-10,0.0018059395770966124
2020-02-11,-0.00023915205974457448
2020-02-12,0.0009806681122236653
2020-02-13,0.0008944152490845119
2020-02-14,0.0003073154384984731
2020-02-17,0.0003293720893425329
2020-02-18,-0.001303996238597755
2020-02-19,0.001191184909200433
2020-02-20,0.00043723414047158954
2020-02-21,-0.0013237582247171387
2020-02-24,-0.003016905489334614
2020-02-25,0.00047229734194674186
2020-02-26,-0.0004412064671971861
2020-02-27,-0.004347168801879124
2020-02-28,-0.0015805024749254526
2020-03-02,0.00047887784964995847
2020-03-03,0.004916437362202367
2020-03-04,0.0012067241891410962
2020-03-05,-0.0008136031204982574
2020-03-06,-0.0026376693488886008
2020-03-09,-0.009966611163046174
2020-03-10,-0.0020668410320857688
2020-03-11,0.0032805501196731413
2020-03-12,-0.027276905174809567
2020-03-13,-0.006471952216467509
2020-03-16,-0.02290573061045982
2020-03-17,-0.007033007219664592
2020-03-18,-0.008171663030094995
2020-03-19,0.012531625472864646
2020-03-20,0.018947436589087666
2020-03-23,0.003048874263512671
2020-03-24,-0.0067400243598396605
2020-03-25,0.006436052647488402
2020-03-26,0.006937885778721767
2020-03-27,0.0017113302191333443
2020-03-30,-0.0006496717201927125
2020-03-31,-0.0031624572825635013
2020-04-01,-0.000920579604672186
2020-04-02,0.0009002759672108671
2020-04-03,0.0002351053510558016
2020-04-06,0.0010664502102433488
2020-04-07,-0.007800559836573547
2020-04-08,-0.002575546592825363
2020-04-09,0.0035732891889868204
2020-04-14,-0.002451777490801283
2020-04-15,-9.939232599502409e-05
2020-04-16,0.002511696110073871
2020-04-17,0.0029747272044889183
2020-04-20,-0.0043939780558716664
2020-04-21,-0.002325809344286268
2020-04-22,-0.003352119684780235
2020-04-23,0.004705648216476864
2020-04-24,0.00492663648297695
2020-04-27,0.0005069752461802108
2020-04-28,0.002776487596238525
2020-04-29,0.002152103703827388
2020-04-30,0.003053724859983181
2020-05-04,-0.005469926125476188
2020-05-05,0.0010249285972625533
2020-05-06,-0.004533326825314326
2020-05-07,0.00475052858006227
2020-05-11,-0.0008651923207138501
2020-05-12,0.00030760168952800545
2020-05-13,0.0024467713931958395
2020-05-14,0.00044147641149180764
2020-05-15,-0.0007548114598003172
2020-05-18,-0.0003253163712155072
2020-05-19,-0.0005404537616407572
2020-05-20,-8.665652352310069e-05
2020-05-21,0.0007540071352212783
2020-05-22,0.0009182949067509264
2020-05-26,-0.0012371810531531678
2020-05-27,0.0015156842533070173
2020-05-28,0.0013383763832737713
2020-05-29,-0.0012066492306607125
2020-06-02,-0.0015886543887234973
2020-06-03,-0.006271789645117304
2020-06-04,0.0004600959268319939
2020-06-05,-0.005774410111572877
2020-06-08,0.0034813585016435855
2020-06-09,-0.0007862456938023462
2020-06-10,-0.0009185983965643949
2020-06-11,0.00428540563255622
2020-06-12,0.003467455877187421
2020-06-15,0.0012488777714208719
2020-06-16,-0.0015442095491007867
2020-06-17,0.0015416682683216149
2020-06-18,0.0026169676037207036
2020-06-19,0.001323393332564797
2020-06-22,0.003080933264050718
2020-06-23,-0.0037718946249298713
2020-06-24,0.00011516547792511742
2020-06-25,0.002639824851515548
2020-06-26,0.0012169935859196312
2020-06-29,-3.773831257023336e-05
2020-06-30,-0.0005426809179519896
2020-07-01,-0.003758945857203149
2020-07-02,0.002912994819196873
2020-07-03,-0.00016711355068947296
2020-07-06,0.0003681061455792108
2020-07-07,-0.0010347941844201251
2020-07-08,0.0015462887118066933
2020-07-09,-0.0001729998075702577
2020-07-10,0.0012955115560180908
2020-07-13,-0.0036517884648137066
2020-07-14,0.00220432649889685
2020-07-15,-0.001572656543483832
2020-07-16,0.0012683031196596914
2020-07-17,-0.0006339911124931319
2020-07-20,0.0010843790383310858
2020-07-21,0.00031972879357064716
2020-07-22,-0.0002380522349968328
2020-07-23,-0.00012745589725832667
2020-07-24,-0.0027194436155490898
2020-07-27,0.001167064233442925
2020-07-28,-0.0027762003168452427
2020-07-29,0.0009595206801534656
2020-07-30,0.0009471653996500516
2020-07-31,-0.0032153951538435085
2020-08-03,0.0023446273913811386
2020-08-04,0.003023579158085439
2020-08-05,-0.0034008004744411177
2020-08-06,0.0015333540169837278
2020-08-07,-0.001494277857145217
2020-08-10,0.0023417667082379274
2020-08-11,-0.002240092101627482
2020-08-12,-0.0012476643684381779
2020-08-13,-0.003944431718066868
2020-08-14,-0.00021780373310766353
2020-08-17,0.0017923233368943297
2020-08-18,0.00039313876848043376
2020-08-19,-0.0003264652327574407
2020-08-20,0.002637577401438944
2020-08-21,-0.001001216674269948
2020-08-24,0.001767526580747416
2020-08-25,-0.005125530598523561
2020-08-26,-0.0008481108329218382
2020-08-27,-0.0012907778962046848
2020-08-28,0.0009317669576400831
2020-09-01,-0.0020709628538746715
2020-09-02,0.005289377843522748
2020-09-03,0.002147466141470546
2020-09-04,-0.0020054696243522363
2020-09-07,-0.0014384630368165388
2020-09-08,0.0025177578078129904
2020-09-09,-4.229798440045381e-05
2020-09-10,-0.0024251351781498275
2020-09-11,0.003406831684375977
2020-09-14,0.0006465703626614729
2020-09-15,-0.0003071345378133205
2020-09-16,0.001602833198772924
2020-09-17,0.0013028667915115431
2020-09-18,-0.0017907141783165808
2020-09-21,0.0023852671165668035
2020-09-22,0.0015635463381671406
2020-09-23,0.001576847707260823
2020-09-24,0.0001043164866030689
2020-09-25,0.00030288466661727013
2020-09-28,0.0013091018545471427
2020-09-29,0.0005524786543117989
2020-09-30,-0.0035392914267439552
2020-10-01,0.0011391754791128027
2020-10-02,0.0007152531706795094
2020-10-05,-0.0017495469714132385
2020-10-06,-0.001209299952557303
2020-10-07,0.0008714807852453432
2020-10-08,0.0014420533574079218
2020-10-09,0.0010949701959916903
2020-10-12,0.00021794935941124198
2020-10-13,0.0011441691928216775
2020-10-14,0.002250680577368537
2020-10-15,0.00021305215401601205
2020-10-16,0.001720837679819259
2020-10-19,-0.0016674722137697746
2020-10-20,-0.0032158232215741796
2020-10-21,-0.001944788231773159
2020-10-22,-0.0023316512004157874
2020-10-23,0.0017354222719738635
2020-10-26,0.00037570250192234483
2020-10-27,0.003006639183838008
2020-10-28,-0.0003429464381596532
2020-10-29,0.0022487547459179055
2020-10-30,-0.00036858033983745974
2020-11-02,0.002064868180039228
2020-11-03,-0.0006503330511020661
2020-11-04,0.0012182311032941295
2020-11-05,0.000418666186800119
2020-11-06,-0.002291814689931927
2020-11-09,-0.008256173143517287
2020-11-10,0.00024358265551063988
2020-11-11,0.001269418820112963
2020-11-12,0.003337003282390804
2020-11-13,0.0007988111904037324
2020-11-16,6.527350877777699e-05
2020-11-17,0.0012310497715657188
2020-11-18,-0.0004492102300009526
2020-11-19,0.0009376143558308622
2020-11-20,0.0008241870516057633
2020-11-23,5.987219664797935e-05
2020-11-24,0.0001559793584672473
2020-11-25,-0.0011450399092644214
2020-11-26,0.0008931050017076149
2020-11-27,0.00022344689964614575
2020-11-30,-0.0027344504151845393
2020-12-01,-0.002748046885935033
2020-12-02,-0.0022008271069508456
2020-12-03,0.0014712292307616217
2020-12-04,-0.0016807799806364632
2020-12-07,0.0028246008473613794
2020-12-08,0.0019386024642292228
2020-12-09,5.447426127415205e-05
2020-12-10,0.00045358338757839865
2020-12-11,0.0014145687868136196
2020-12-14,-0.00043922220101140226
2020-12-15,6.393295052429767e-05
2020-12-16,-0.002724295701702414
2020-12-17,-0.00022171495966980524
2020-12-18,-0.0018067740746097389
2020-12-21,0.00045314752933547475
2020-12-22,0.0006381667645335453
2020-12-23,-0.0024048694434981813
2020-12-29,0.00264768601393686
2020-12-30,-0.0010651420602590803
2021-01-04,0.0016350575194966942
2021-01-05,-0.0008524595826216349
2021-01-06,-0.0038954273134675266
2021-01-07,-0.00026086947825952356
2021-01-08,0.001739193831244767
2021-01-11,-0.0008111276092897365
2021-01-12,-0.0033319668859279655
2021-01-13,0.0037665955412134132
2021-01-14,0.0016806502666233492
2021-01-15,-0.0004236333162192799
2021-01-18,1.970368343561276e-05
2021-01-19,0.000157615921563844
2021-01-20,-0.000625231870503134
2021-01-21,-0.002634826686348017
2021-01-22,-0.00044013792348330264
2021-01-25,0.0031652650650065006
2021-01-26,0.0003622570177631572
2021-01-27,0.0004780680937396135
2021-01-28,-5.3888825338327666e-05
2021-01-29,-0.0020052119807336365
2021-02-01,0.0003312375539068052
2021-02-02,-0.0004283773727329458
2021-02-03,0.0003037485389798477
2021-02-04,-1.7489405276191006e-05
2021-02-05,0.0008518724131335977
2021-02-08,-0.0004147024025039945
2021-02-09,0.0002288320596437605
2021-02-10,-0.001681621750324839
2021-02-11,0.0018165200183735933
2021-02-12,-0.002392017725050828
2021-02-15,-0.0029894573306041023
2021-02-16,-0.002700361523780039
2021-02-17,0.0008056627168705138
2021-02-18,-0.0030083401067546507
2021-02-19,-0.0013922115728562774
2021-02-22,0.001075478190191765
2021-02-23,-0.003036368827164188
2021-02-24,-0.0021368691471116484
2021-02-25,-0.006975695846544652
2021-02-26,0.0005153905182889042
2021-03-01,0.008889160313605732
2021-03-02,0.0008165487450394098
2021-03-03,-0.004556086283179965
2021-03-04,0.0011513981308884152
2021-03-05,-0.0010582021686222466
2021-03-08,-3.3523705520181973e-05
2021-03-09,0.00353223869018975
2021-03-10,4.095181537027982e-05
2021-03-11,0.0023092939673009225
2021-03-12,-0.004062899185719155
2021-03-15,0.0034975183849362476
2021-03-16,0.0003093009502515009
2021-03-17,-0.004002152740541541
2021-03-18,-0.00190489123387797
2021-03-19,0.0028440198406989824
2021-03-22,0.0015225670903926038
2021-03-23,0.001210759587994791
2021-03-24,0.0018842380540146173
2021-03-25,0.002249598021685654
2021-03-26,-0.0004898503547883029
2021-03-29,-0.0024791204232116606
2021-03-30,-0.0025118659485914795
2021-03-31,0.0011425148979863184
2021-04-01,0.002482384434800247
2021-04-06,-0.0023109657162461213
2021-04-07,-0.0006642312806571583
2021-04-08,0.001188706269321047
2021-04-09,-0.003270086334645872
2021-04-12,-0.0007513471688151024
2021-04-13,1.667365800994534e-05
2021-04-14,-0.0017820316076629593
2021-04-15,0.002954213922004948
2021-04-16,-0.0011598450577046868
2021-04-19,-0.0023913358826176965
2021-04-20,-0.002078683643651553
2021-04-21,0.0012809291913972061
2021-04-22,0.0005920348214531153
2021-04-23,-0.00015041889988069956
2021-04-26,-0.0014243639670906449
2021-04-27,-0.001097618687057235
2021-04-28,-0.0014101350631381382
2021-04-29,-0.0034713822025660554
2021-04-30,0.0008781990778578665
2021-05-04,0.0027169491320345874
2021-05-05,0.0010347870950982777
2021-05-06,0.0002650949361797965
2021-05-07,-0.0018894958826128011
2021-05-10,-0.0008558198033337934
2021-05-11,-0.00490710028556118
2021-05-12,-0.0034001360855575053
2021-05-13,-0.00037966837004627075
2021-05-14,0.00144093540314525
2021-05-17,-0.002579512863865975
2021-05-18,0.0008164876551309686
2021-05-19,-0.0019025570854292848
2021-05-20,0.0027272035513796807
2021-05-21,0.001540498998084435
2021-05-25,0.004305207518064327
2021-05-26,0.0026621725436701514
2021-05-27,-0.0017291870555320792
2021-05-28,0.0019330606556372813
2021-06-01,-0.00017153812389951833
2021-06-02,0.0013031973451737185
2021-06-03,-0.0007814033130978502
2021-06-04,0.0021748032105393575
2021-06-07,-0.0013882829510246297
2021-06-08,0.002624410646344365
2021-06-09,0.0023240053183065535
2021-06-10,9.081737702483999e-05
2021-06-11,0.002997416781891134
2021-06-14,-0.0014644213074271719
2021-06-15,-0.0011903785508149591
2021-06-16,0.0009763520375536184
2021-06-17,-0.0018134364543203232
2021-06-18,-0.001749406927462782
2021-06-21,-0.0009250765933071074
2021-06-22,-0.00031447408581170705
2021-06-23,0.0003767797595206827
2021-06-24,0.0016694840982885105
2021-06-25,-0.0028014987857084184
2021-06-28,0.0019101106246272037
2021-06-29,-8.957073808969177e-05
2021-06-30,0.0026222566560085243
2021-07-01,0.0010738633665691552
2021-07-02,0.0020423495864876962
2021-07-05,-0.0011470924267483473
2021-07-06,0.003790073986693079
2021-07-07,0.001264273590228478
2021-07-08,-0.0007481214908487408
2021-07-09,-0.00024241064060105048
2021-07-12,0.0016736726081782462
2021-07-13,0.0010653402811783117
2021-07-14,0.0006639300931843784
2021-07-15,-0.00039610057317315925
2021-07-16,0.0014400363358700414
2021-07-19,-0.0007605940858765204
2021-07-20,0.00231085596134868
2021-07-21,9.215209625983124e-05
2021-07-22,0.00256344748247252
2021-07-23,0.002243387586754798
2021-07-26,-0.0007077026687602177
2021-07-27,0.00046744212354600165
2021-07-28,0.0006753013167122806
2021-07-29,0.0008208447750984878
2021-07-30,-0.00027567142469864844
2021-08-02,0.002808288376547047
2021-08-03,-2.3598298033538034e-05
2021-08-04,0.0009725970478023467
2021-08-05,0.0012955467820949993
2021-08-06,-0.0024298526392270967
2021-08-09,0.0006738595229569138
2021-08-10,0.0003231537249549373
2021-08-11,-0.00017794722603655744
2021-08-12,0.0010956635526498126
2021-08-13,2.267393741751307e-05
2021-08-16,-0.001083978491219425
2021-08-17,-3.826113430949101e-05
2021-08-18,0.001220472853208622
2021-08-19,-0.0007537251166524989
2021-08-20,0.0010270590496549536
2021-08-23,-0.0011213848844981685
2021-08-24,0.0006319237597591328
2021-08-25,-0.0050411617528024685
2021-08-26,-0.0006076339367349378
2021-08-27,0.0010347321688739303
2021-08-31,-0.0028399357841412463
2021-09-01,0.0005769633504529715
2021-09-02,0.0015196216103324626
2021-09-03,-0.0014961954315228859
2021-09-06,0.0024242450897789375
2021-09-07,-0.005021529549758444
2021-09-08,-0.00031469519978975227
2021-09-09,0.0040062596054721246
2021-09-10,-0.0020402761384003334
2021-09-13,0.0009706997526021484
2021-09-14,0.001207618854914988
2021-09-15,-0.002965767657956724
2021-09-16,0.0003093965781007632
2021-09-17,-0.002694676155016345
2021-09-20,0.0005310394856097289
2021-09-21,0.0021372417916443996
2021-09-22,0.0018826000738527467
2021-09-23,-0.004285391153881889
2021-09-24,-0.0035091908491751552
2021-09-27,-0.0008084642718265674
2021-09-28,-0.003405711528258904
2021-09-29,0.0009655366830332721
2021-09-30,-0.0012178005926219712
2021-10-01,0.0014401545740846695
2021-10-04,-0.001419192081729
2021-10-05,-0.000551048318377811
2021-10-06,-0.001628000384467177
2021-10-07,0.003165574628683035
2021-10-08,-0.0026909682680736073
2021-10-11,-0.0015883665356620671
2021-10-12,-0.001470999411655804
2021-10-13,0.0027189595751033776
2021-10-14,0.004563865254941235
2021-10-15,-0.0008521955190392365
2021-10-18,-0.002088347756111169
2021-10-19,-0.00239718404640202
2021-10-20,0.0012963751366425907
2021-10-21,-0.002682366650870602
2021-10-22,0.0005826459737331275
2021-10-25,0.0018686882906181993
2021-10-26,0.000734044591443076
2021-10-27,0.003194062267936328
2021-10-28,-0.0027962450126310743
2021-10-29,-0.00671056423841581
2021-11-01,0.001860696671765485
2021-11-02,0.00596183036392721
2021-11-03,0.0011614492836365356
2021-11-04,0.006844084076506701
2021-11-05,0.004151299670147419
2021-11-08,-0.002377083555357126
2021-11-09,0.0028472546842285684
2021-11-10,-0.004835686615603673
2021-11-11,0.00012288687118460785
2021-11-12,0.0018458665202242296
2021-11-15,-0.0007301535279605556
2021-11-16,0.0016415378717083559
2021-11-17,-9.337365893467793e-05
2021-11-18,0.003171274292101872
2021-11-19,0.002793884457399321
2021-11-22,-0.002477399506022238
2021-11-23,-0.006216925653883775
2021-11-24,-0.0010154444416644519
2021-11-25,0.00243158134602286
2021-11-26,0.0016812932448244805
2021-11-29,-0.001266899119947449
2021-11-30,0.0001612400405918387
2021-12-01,-0.0003461560032873847
2021-12-02,0.0012594130116421135
2021-12-03,0.001352833489146471
2021-12-06,0.0024701629773814845
2021-12-07,0.002650110835300524
2021-12-08,-0.0054860108814040135
2021-12-09,0.0004939874235156154
2021-12-10,0.001815835845458971
2021-12-13,0.0017040212911474874
2021-12-14,-0.0025537886632005955
2021-12-15,0.0008445907822477713
2021-12-16,-0.0005416166495821649
2021-12-17,0.0015059456122804517
2021-12-20,-0.0013191915432310172
2021-12-21,-0.003946013734828313
2021-12-22,0.0007273545434509582
2021-12-23,-0.0017547211007261205
2021-12-29,-0.0017413991900655317
2021-12-30,0.0004369995943535892
2022-01-04,-0.002013086477217558
2022-01-05,0.0007897860234512496
2022-01-06,-0.004673832602277678
2022-01-07,-0.002914780030427183
2022-01-10,-0.002500281947777091
2022-01-11,0.0014301973582771647
2022-01-12,0.002768347584215179
2022-01-13,0.0006083115439249109
2022-01-14,-0.004371712444195256
2022-01-17,-0.00011421331811424951
2022-01-18,-0.003155884968747008
2022-01-19,0.001298762433651067
2022-01-20,0.0014378435069335859
2022-01-21,0.0006209206076065372
2022-01-24,-0.005693710453511102
2022-01-25,-0.0006719995013499407
2022-01-26,0.0009629530158657505
2022-01-27,0.0009066094054659801
2022-01-28,-0.0005411722244320388
2022-01-31,-0.0014372085187175263
2022-02-01,-0.0015385545651026788
2022-02-02,0.0006206783227783023
2022-02-03,-0.012728897433466592
2022-02-04,-0.008772935775578639
2022-02-07,-0.0023942699283016986
2022-02-08,-0.0025026644339412266
2022-02-09,0.006713163817938011
2022-02-10,-0.007915552201115929
2022-02-11,-0.0017095432812240397
2022-02-14,-0.0011075716585978313
2022-02-15,0.002107817946230206
2022-02-16,0.0017117968154866626
2022-02-17,0.0023209608928846707
2022-02-18,0.0007549766531078001
2022-02-21,-0.002524192640287035
2022-02-22,-0.0015557875803655806
2022-02-23,-0.0002681294207991093
2022-02-24,-0.0002183730412364934
2022-02-25,0.0023065939796157757
2022-02-28,0.0051187099409554515
2022-03-01,0.016851410896912184
2022-03-02,-0.008144436521564907
2022-03-03,-0.0025332372578590447
2022-03-04,0.0009903702928505823
2022-03-07,-0.005846801234299128
2022-03-08,-0.005848506007358437
2022-03-09,-3.472099486554782e-05
2022-03-10,-0.012715461110760327
2022-03-11,0.0012186377042581462
2022-03-14,-0.006203454564814132
2022-03-15,0.0024437196305400984
2022-03-16,0.0034262675635455897
2022-03-17,0.0013790177437606652
2022-03-18,0.0023944803768912813
2022-03-21,-0.0063293064676173535
2022-03-22,-0.0014584243360635152
2022-03-23,0.002014284139075089
2022-03-24,-0.0035604269433811486
2022-03-25,-0.0028126661238649263
2022-03-28,9.452538095679869e-05
2022-03-29,-0.001030027201050174
2022-03-30,-0.004087126025182153
2022-03-31,0.0056162602870381126
2022-04-01,-0.0015560879334454501
2022-04-04,0.0031825974294413073
2022-04-05,-0.008298284702975138
2022-04-06,-0.003990984821839524
2022-04-07,-0.00195905212936092
2022-04-08,-0.00017503630800305443
2022-04-11,-0.006914035707930982
2022-04-12,0.0017320016306759548
2022-04-13,0.0015025013869919797
2022-04-14,-0.003968527734728228
2022-04-19,-0.0038929256740339725
2022-04-20,0.0050182240605869
2022-04-21,-0.00477634821920431
2022-04-22,-0.005032604019626096
2022-04-25,0.0036572230077730776
2022-04-26,0.0014970234652004494
2022-04-27,-0.0005047651106397004
2022-04-28,-0.0031686098090902533
2022-04-29,-0.0034387884299253843
2022-05-03,-0.002492044262203631
2022-05-04,-0.004354293204023676
2022-05-05,-0.004343970191800354
2022-05-06,-0.009444194247986298
2022-05-09,-0.0032262462614788406
2022-05-10,0.007358993122208407
2022-05-11,0.0057540330357269956
2022-05-12,0.0073706544214455555
2022-05-13,0.0007180982118953176
2022-05-16,0.0005123051328516967
2022-05-17,-0.006954023345842895
2022-05-18,-5.349901713474787e-05
2022-05-19,0.0019192759922238805
2022-05-20,-0.0014201012596933775
2022-05-23,-0.0007453474603716982
2022-05-24,0.0032391243857184645
2022-05-25,-0.0007716964110340491
2022-05-26,0.0026932921790078896
2022-05-27,0.0035821162380633856
2022-05-30,-0.0034034280718900495
2022-05-31,-0.007218773251120578
2022-06-01,-0.004000001894055506
2022-06-06,-0.00847823460643032
2022-06-07,0.003010239303468782
2022-06-08,-0.0027275641030716684
2022-06-09,-0.012072627836629584
2022-06-10,-0.008797753869520562
2022-06-13,-0.015325014186590857
2022-06-14,-0.007021660441761024
2022-06-15,0.010465085365192917
2022-06-16,-0.005281921864405852
2022-06-17,0.007340059108474982
2022-06-20,-0.0038747896173406786
2022-06-21,0.00011904752183270048
2022-06-22,0.006796977645920856
2022-06-23,0.009381253622935308
2022-06-24,0.004091232454825498
2022-06-27,-0.006123431379922781
2022-06-28,-0.002650513486210463
2022-06-29,0.008639829727455467
2022-06-30,0.006432223104234915
2022-07-01,0.009703381445704776
2022-07-04,-0.0048120735328052305
2022-07-05,0.005708097996616272
2022-07-06,0.006757370997884416
2022-07-07,0.0011081828734888803
2022-07-08,-0.0016576984692410702
2022-07-11,0.0031918238375459635
2022-07-12,0.009648245739587452
2022-07-13,-0.002693741209622012
2022-07-14,-0.006172706977986866
2022-07-15,0.005122379919280075
2022-07-18,-0.004838864889111319
2022-07-19,-0.0025754142842367342
2022-07-20,-0.002516269903782093
2022-07-21,0.00378899711568071
2022-07-22,0.010829191285960407
2022-07-25,0.0001818905667130196
2022-07-26,0.004282333480336227
2022-07-27,0.003409518835299146
2022-07-28,0.007954182133674506
2022-07-29,0.0032015713531117203
2022-08-01,0.0028031273103137347
2022-08-02,-0.0038242178797116702
2022-08-03,-0.002288238244834791
2022-08-04,0.006190790777694157
2022-08-05,-0.01194499026617595
2022-08-08,0.006311302416043085
2022-08-09,-0.0035690550125737457
2022-08-10,0.003027165553404574
2022-08-11,-0.004774265126326393
2022-08-12,-0.0008298234214366574
2022-08-15,0.008615020601776048
2022-08-16,-0.002090805795280019
2022-08-17,-0.007842767724301512
2022-08-18,0.0009033509071904358
2022-08-19,-0.007327161929283312
2022-08-22,-0.0027057492495979395
2022-08-23,0.0029409503826500123
2022-08-24,-0.003873116336935654
2022-08-25,0.004419094701801341
2022-08-26,-0.004939314162722031
2022-08-30,-0.01326111502369634
2022-08-31,-0.003605380989359134
2022-09-01,-0.007092411366187145
2022-09-02,0.006083931673487237
2022-09-05,-0.0006799286442554873
2022-09-06,-0.008333298286470841
2022-09-07,0.0018363881197949088
2022-09-08,-0.003958082619574579
2022-09-09,0.001646368070213125
2022-09-12,0.0014276699734439304
2022-09-13,-0.010836602469062106
2022-09-14,0.00541184997789247
2022-09-15,-0.005195049498712352
2022-09-16,-0.0035904575199991367
2022-09-20,-0.009609756109128072
2022-09-21,0.004267435396700187
2022-09-22,-0.0034076195394527583
2022-09-23,-0.006891309950236319
2022-09-26,0.0007429769526146927
2022-09-27,-0.010909626869736497
2022-09-28,0.00857559764371703
2022-09-29,-0.011056640021746098
2022-09-30,0.0035894789409334294
2022-10-03,0.01367885335282479
2022-10-04,0.004804007762543602
2022-10-05,-0.012814270730846785
2022-10-06,-0.0005997816628006516
2022-10-07,-0.006584387283259443
2022-10-10,-0.004201496594900411
2022-10-11,-0.001116073664827518
2022-10-12,-0.0046587789665284525
2022-10-13,0.0008984219217694489
2022-10-14,-0.004957093039493068
2022-10-17,0.007523775569123487
2022-10-18,-0.0064413645571967226
2022-10-19,-0.005443667025564995
2022-10-20,0.003317703531068245
2022-10-21,-0.0034157840910137008
2022-10-24,-0.0021301462003563
2022-10-25,0.01146140956972418
2022-10-26,0.0034096318378562364
2022-10-27,0.010174644853274843
2022-10-28,-0.0081786580432124
2022-10-31,-0.0022571168849981793
2022-11-01,0.006382985840413934
2022-11-02,4.2710783929336975e-05
2022-11-03,-0.004470254222569026
2022-11-04,0.0008777193466561186
2022-11-07,-0.0031751879863554868
2022-11-08,0.004004064832489775
2022-11-09,0.0020590429983780825
2022-11-10,0.017904916598116778
2022-11-11,-0.008444045561801389
2022-11-14,-0.002124156618593208
2022-11-15,0.008464167134181137
2022-11-16,-0.00025928642815749216
2022-11-17,-0.0008491234972999687
2022-11-18,0.0014399007536742524
2022-11-21,0.0006058976829753348
2022-11-22,0.0029260093130964024
2022-11-23,0.003745523120379038
2022-11-24,0.006043262765666723
2022-11-25,-0.009591748563546778
2022-11-28,-0.0007254323470000019
2022-11-29,0.006507479436418426
2022-11-30,0.0008913030276731441
2022-12-01,0.005622899988583892
2022-12-02,-0.003286394479284762
2022-12-05,-0.003564065989329292
2022-12-06,0.0037665836715345727
2022-12-07,0.0011489323018434507
2022-12-08,-0.001757746205188698
2022-12-09,-0.0044457469990383655
2022-12-12,-0.004201153598545019
2022-12-13,0.00565493759843181
2022-12-14,-0.0036944445173055602
2022-12-15,-0.01738162392340115
2022-12-16,-0.003474972865714181
2022-12-19,-0.0024056797827519245
2022-12-20,-0.00402175002315336
2022-12-21,0.0013612307336279966
2022-12-22,-0.003932206052592932
2022-12-23,-0.0024627903936418997
2022-12-28,-0.008138999496992804
2022-12-29,0.006046330674927261
2022-12-30,-0.00560903036152845
2023-01-03,0.011797356232982028
2023-01-04,0.008999585314710033
2023-01-05,-0.003908463687262661
2023-01-06,0.010052954051096734
2023-01-09,0.0008486296766517709
2023-01-10,-0.00761134949510843
2023-01-11,0.007767649004747783
2023-01-12,0.0052436696807838
2023-01-13,0.0010137901407146568
2023-01-16,-0.0014789954296735306
2023-01-17,0.00715960015202652
2023-01-18,0.006422372154813283
2023-01-19,-0.001347888779846265
2023-01-20,-0.006818174857970078
2023-01-23,-0.0009113417522150743
2023-01-24,0.0034817673032152122
2023-01-25,-0.000630213737094902
2023-01-26,-0.0020104236522189584
2023-01-27,-0.0008517663207734945
2023-01-30,-0.006274142849294164
2023-01-31,0.001600092663674893
2023-02-01,-0.0010494912710908326
2023-02-02,0.014597729406008541
2023-02-03,-0.008056099031677005
2023-02-06,-0.005684971418284027
2023-02-07,-1.383629041244467e-05
2023-02-08,-0.002965953412281177
2023-02-09,0.006088740746898965
2023-02-10,-0.0051325798111707234
2023-02-13,1.7952970380774114e-05
2023-02-14,-0.005418341171871137
2023-02-15,-0.004547328442866449
2023-02-16,0.0018935724790791458
2023-02-17,-0.000946968757004405
2023-02-20,0.0006369092908723797
2023-02-21,-0.007916086357991028
2023-02-22,8.137134750628872e-05
2023-02-23,0.005119037461712858
2023-02-24,-0.007080630106464269
2023-02-27,0.0005539628584476689
2023-02-28,-0.004334773807500079
2023-03-01,-0.003431998259306292
2023-03-02,-0.0016850807413081345
2023-03-03,0.007704928993788763
2023-03-06,-0.0012065229808276238
2023-03-07,0.00045245473538367326
2023-03-08,0.005479908542902978
2023-03-09,1.1535299419641225e-05
2023-03-10,0.0021977065890620134
2023-03-13,0.0050514556619701435
2023-03-14,-0.00922806468030507
2023-03-15,0.013317323185775845
2023-03-16,-0.0009296174075445265
2023-03-17,0.004352663000228
2023-03-20,0.0015951007462184608
2023-03-21,-0.008313935732978122
2023-03-22,-0.0024898563908400543
2023-03-23,0.008495145191686504
2023-03-24,0.004179562098961478
2023-03-27,-0.004267157679414393
2023-03-28,-0.0028330027342731443
2023-03-29,0.0007563937041111255
2023-03-30,-0.0023286891634801505
2023-03-31,0.005560357917472765
2023-04-03,0.004274525257073914
2023-04-04,-0.002611179071660458
2023-04-05,0.002104320440563566
2023-04-06,0.0007081637639831985
2023-04-11,-0.004855378935182874
2023-04-12,-0.004672180938467941
2023-04-13,0.0001967492436582873
2023-04-14,-0.004467394127745185
2023-04-17,0.0003911858796355151
2023-04-18,0.0019633254157420937
2023-04-19,-0.005800489435722863
2023-04-20,0.004746363320493396
2023-04-21,-0.0032569460396362593
2023-04-24,-0.0012899941033730142
2023-04-25,0.003892504991848638
2023-04-26,-0.00043772959159141565
2023-04-27,-0.00168751827717747
2023-04-28,0.0059007414427861464
2023-05-02,0.00018974293343003174
2023-05-03,0.0013150199149985762
2023-05-04,0.004705692597257149
2023-05-05,-0.001352647551965912
2023-05-09,0.00033200997852282643
2023-05-10,0.002057020270766043
2023-05-11,0.004259912782327608
2023-05-12,0.00025621946266514157
2023-05-15,0.0022817848673208473
2023-05-16,-0.002667648647125561
2023-05-17,0.0014904036969218399
2023-05-18,-0.0026304988936166934
2023-05-19,0.0010023603067367323
2023-05-22,0.0002956770318701231
2023-05-23,-0.003134108715047896
2023-05-24,-0.002772261548548414
2023-05-25,-0.001843825963822327
2023-05-26,0.0029416355952975753
2023-05-30,0.00550465520698558
2023-05-31,-0.0008651761564420083
2023-06-01,0.0073510765200535295
2023-06-02,0.006093134338594031
2023-06-05,-0.0021685451368718615
2023-06-06,0.0045155985945917205
2023-06-07,-0.0063843876798038305
2023-06-08,-0.000509395426906107
2023-06-09,0.004610144165752931
2023-06-12,0.0023622221766792057
2023-06-13,0.001224201129554711
2023-06-14,-0.000856008534844072
2023-06-15,-0.004903690541383307
2023-06-16,0.0002850955361098146
2023-06-19,-0.005882369906575946
2023-06-20,0.0024193529106948403
2023-06-21,-0.002916740865764542
2023-06-22,-0.005496619853892628
2023-06-23,0.0009836407851717037
2023-06-26,0.003443222847923935
2023-06-27,-0.002590372584630231
2023-06-28,0.0036264220924118436
2023-06-29,-0.004988990024632051
2023-06-30,0.0036581731625054984
2023-07-03,-6.440462863274666e-05
2023-07-04,-0.001618466085780822
2023-07-05,-0.0012031710128732856
2023-07-06,-0.01567346557164237
2023-07-07,0.004175455490885497
2023-07-10,-0.00230914662458537
2023-07-11,0.0009264685797523177
2023-07-12,0.008855897086794556
2023-07-13,0.003461708212922041
2023-07-14,-0.004559357693979713
2023-07-17,-0.0011863020468355291
2023-07-18,0.00874786123810728
2023-07-19,-0.00041703431021600885
2023-07-20,-0.0042526588404250675
2023-07-21,0.0024311769002772284
2023-07-24,0.0050479435804125445
2023-07-25,0.0017170028137434923
2023-07-26,-0.002027062090628029
2023-07-27,0.0067431645880547415
2023-07-28,0.0034263539375826314
2023-07-31,-0.0023371510527337635
2023-08-01,-0.006208088063467266
2023-08-02,-0.007203621806655936
2023-08-03,-0.002647677775454928
2023-08-04,0.0028872350913741298
2023-08-07,-0.0007680972891428645
2023-08-08,0.0021321999333376307
2023-08-09,-0.002051361298454476
2023-08-10,0.002514273586653248
2023-08-11,-0.008029265384345162
2023-08-14,-0.0023378612285489403
2023-08-15,-0.005221938085094446
2023-08-16,-0.0009537802402690556
2023-08-17,-0.003286502987823108
2023-08-18,0.001542776069529288
2023-08-21,-0.004839115044160586
2023-08-22,0.007073790683011246
2023-08-23,0.011179425019475669
2023-08-24,-0.00212364782632416
2023-08-25,-0.0002987525729111738
2023-08-29,0.007625566234986466
2023-08-30,-0.0032365803431905317
2023-08-31,0.0046559533459691865
2023-09-01,-0.0009500963113450661
2023-09-04,-0.0012644403441175744
2023-09-05,-0.0015922468584630449
2023-09-06,-0.0029978253122639183
2023-09-07,0.0020612455468552045
2023-09-08,0.00039006570882203306
2023-09-11,-0.001472352247433402
2023-09-12,-0.0005737643216552537
2023-09-13,-0.0018726214449028425
2023-09-14,0.009398119740184601
2023-09-15,-0.004197697948238428
2023-09-18,-0.004717595084859253
2023-09-19,-0.0007764488420773396
2023-09-20,0.003220566579014486
2023-09-21,-0.007035893310560504
2023-09-22,0.0008879318490952141
2023-09-25,-0.003586019931733409
2023-09-26,-0.0030749102218983514
2023-09-27,-0.0017440796466550227
2023-09-28,-0.005027898759468972
2023-09-29,0.004129335545516721
2023-10-02,-0.0053453202963371586
2023-10-03,-0.006659875039567288
2023-10-04,-0.001340610515367269
2023-10-05,0.0046838824985604745
2023-10-06,7.710092907045152e-05
2023-10-09,0.005829243892453191
2023-10-10,0.0058855233773236065
2023-10-11,0.002874220995547925
2023-10-12,-0.0025698242700908872
2023-10-13,-0.00042746556884427564
2023-10-16,-0.0018883152661924836
2023-10-17,-0.005224686779153288
2023-10-18,-0.006573857191922089
2023-10-19,-0.0015976768271909075
2023-10-20,-0.002757552935360861
2023-10-23,0.001315824060702955
2023-10-24,0.002294100606064749
2023-10-25,-0.0018482301902802752
2023-10-26,-0.0005723860104641684
2023-10-27,0.0017470298668173453
2023-10-30,0.001260351993856277
2023-10-31,0.0022597209802826526
2023-11-01,0.006489083914061855
2023-11-02,0.009158027391202611
2023-11-03,0.005346786643166797
2023-11-06,-0.00769209342428223
2023-11-07,0.0028224865987004607
2023-11-08,0.001523990508067516
2023-11-09,0.0007450194752814435
2023-11-10,-0.004288065450125408
2023-11-13,0.00024183103261417543
2023-11-14,0.00998743064115579
2023-11-15,-0.003411841420033999
2023-11-16,0.002305689302413429
2023-11-17,0.0024060311708877747
2023-11-20,-0.0017857671262360986
2023-11-21,0.0020938773713347755
2023-11-22,0.002227841355302648
2023-11-23,-0.0028489868832568695
2023-11-24,-0.0013914946624602991
2023-11-27,0.0033757338865330177
2023-11-28,0.003702359904802277
2023-11-29,0.004055375346898215
2023-11-30,-0.00038666630317571514
2023-12-01,0.008658590073079907
2023-12-04,0.00014317960298302566
2023-12-05,0.0020997112941125466
2023-12-06,0.002953677151539397
2023-12-07,0.00786570726469161
2023-12-08,-0.00457756486875668
2023-12-11,0.00035385705469122254
2023-12-12,0.002385293339973464
2023-12-13,0.003310944079326752
2023-12-14,0.0073462521802941235
2023-12-15,0.0031895291288607103
2023-12-18,-0.002237150041173767
2023-12-19,0.004081365376818492
2023-12-20,0.0012646208368613195
2023-12-21,0.002624025731586187
2023-12-22,-0.0013084470283303742
2023-12-27,0.004122847075916439
2023-12-28,-0.002514152812240038
2023-12-29,-0.0028602043159645816
2024-01-02,-0.004239405390575019
2024-01-03,0.000698306858300119
2024-01-04,-0.0029689698553724284
2024-01-05,-0.00348187858836129
2024-01-08,0.0020808987750953857
2024-01-09,-0.002938988649024142
2024-01-10,-0.0008395245341651144
2024-01-11,-0.001078483976075416
2024-01-12,0.007913032344611442
2024-01-15,-0.004350152657992634
2024-01-16,-0.0017899814319275046
2024-01-17,-0.008028534464990744
2024-01-18,0.0009498054711432136
2024-01-19,0.001930684466245845
2024-01-22,0.003805785021334522
2024-01-23,-0.003674574897538164
2024-01-24,0.0038275791616356396
2024-01-25,0.0038081471833027675
2024-01-26,0.0015333059169999794
2024-01-29,0.0038051140878911133
2024-01-30,-0.0005429609179970095
2024-01-31,0.0042182879971916845
2024-02-01,0.0018967041167524258
2024-02-02,-0.005278919394732342
2024-02-05,-0.0026589538293600497
2024-02-06,0.0018060726090159535
2024-02-07,0.0001758617266552654
2024-02-08,-0.0030585589076262856
2024-02-09,-0.0011445194766319191
2024-02-12,0.0031797116934530866
2024-02-13,-0.00481743941881095
2024-02-14,0.006330183680716215
2024-02-15,0.0007713788749441119
2024-02-16,-0.0022924195981138297
2024-02-19,-0.0008655060465771261
2024-02-20,0.0007687445655717687
2024-02-21,-0.005264797466921913
2024-02-22,0.004664195524706609
2024-02-23,0.005645458806156198
2024-02-26,-0.004663556802422339
2024-02-27,-0.0022092525456609306
2024-02-28,0.0006367610780160017
2024-02-29,0.0028731645965581376
2024-03-01,0.0011918699316549668
2024-03-04,0.002186689200193026
2024-03-05,0.0030056672975490115
2024-03-06,0.002133534003012439
2024-03-07,0.003894969241681984
2024-03-08,0.0012040782897028983
2024-03-11,-0.0035817149555409295
2024-03-12,0.001853242756814976
2024-03-13,-0.0004264066407494464
2024-03-14,-0.004751034852138153
2024-03-15,-0.0012935760800342302
2024-03-18,0.0009563844503074684
2024-03-19,-0.0002706310830232621
2024-03-20,0.0017736053950995955
2024-03-21,0.004780638421474135
2024-03-22,0.0032059170886221872
2024-03-25,-0.0027151809220295926
2024-03-26,0.0008232849368262822
2024-03-27,0.003499886227699023
2024-03-28,0.00021478730322704387
2024-04-02,-0.007188269859253591
2024-04-03,0.00070854970468434
2024-04-04,0.0031022280485396817
2024-04-05,-0.004923513426197011
2024-04-08,-0.00013421267676004057
2024-04-09,0.002033101925354568
2024-04-10,-0.0044779443722507166
2024-04-11,-0.0011075624379359053
2024-04-12,0.007528159853875027
2024-04-15,-0.004083004302564413
2024-04-16,-0.006668296655454537
2024-04-17,0.0006519860255872084
2024-04-18,-0.0012631968052963477
2024-04-19,-0.001992298477385598
2024-04-22,0.0013126681974801858
2024-04-23,0.0031005152837738975
2024-04-24,-0.006357585952335842
2024-04-25,-0.004172747390652992
2024-04-26,0.006486418483519539
2024-04-29,0.0048141045780997465
2024-04-30,-0.004503381462261447
2024-05-02,0.0017692030542719743
2024-05-03,0.005423545345345994
2024-05-07,0.006211581451911075
2024-05-08,-0.0022887924831306006
2024-05-09,-0.0014515072761585135
2024-05-10,-0.0013435379381568167
2024-05-13,0.0012384653492077302
2024-05-14,-0.0019938457719794137
2024-05-15,0.009869409618999344
2024-05-16,-0.0013028632085625787
2024-05-17,-0.003393149382709114
2024-05-20,-0.0004837975656690472
2024-05-21,0.0009604784049148971
2024-05-22,-0.001670696535944811
2024-05-23,-0.0035876236913076087
2024-05-24,0.000242608107483526
2024-05-28,-0.0007347868559644051
2024-05-29,-0.006871138907000087
2024-05-30,0.002164437346659267
2024-05-31,-0.002343287107359796
2024-06-03,0.006500192866657276
2024-06-04,-0.00019948101530984372
2024-06-05,0.006761128120627737
2024-06-06,-0.0019773381052992944
2024-06-07,-0.004560776594486584
2024-06-10,-0.0031629097297983925
2024-06-11,0.00148340094032862
2024-06-12,0.009674521660513571
2024-06-13,-0.0012236234344967652
2024-06-14,0.005765055685733281
2024-06-17,-0.0008671479604234228
2024-06-18,0.00337081349423971
2024-06-19,-0.0008347846803249813
2024-06-20,-0.00042183784937362937
2024-06-21,5.26139773738802e-05
2024-06-24,0.0014246940612233474
2024-06-25,-0.0013655382015516798
2024-06-26,-0.0026991418271032947
2024-06-27,-0.00020805824958665387
2024-06-28,-0.0008005428109532121
2024-07-01,-0.00651047629531873
2024-07-02,0.0014163534081237683
2024-07-03,0.00505991389030422
2024-07-04,-0.001204312638913608
2024-07-05,0.0037823711335716373
2024-07-08,0.002813076651499405
2024-07-09,-0.0038038656254985996
2024-07-10,0.0048238123540241
2024-07-11,0.004144458917862353
2024-07-12,-0.0007015020906854452
2024-07-15,0.0021042482047778995
2024-07-16,0.0018494994242665632
2024-07-17,-0.0013429411538673948
2024-07-18,-0.0012369824218371583
2024-07-19,-0.0046856330300552715
2024-07-22,6.298967221919725e-05
2024-07-23,0.0035462753467559397
2024-07-24,-0.0039601497683468875
2024-07-25,0.0014171035134027954
2024-07-26,0.000662827815542415
2024-07-29,0.0023955390161739774
2024-07-30,0.0013346289775960458
2024-07-31,0.005633324579919534
2024-08-01,0.0006795394635820493
2024-08-02,-0.002215225747860138
2024-08-05,-0.007063423256584876
2024-08-06,0.0010399918769245795
2024-08-07,-0.0010871129032060372
2024-08-08,0.0006290680554978396
2024-08-09,0.003972152327825395
2024-08-12,0.0010317768665727822
2024-08-13,0.003967436594003384
2024-08-14,0.0012118163563640432
2024-08-15,-0.0028518188378760584
2024-08-16,0.0010831723588106833
2024-08-19,0.00178363642778369
2024-08-20,0.0012182514321753346
2024-08-21,0.0016233767223604004
2024-08-22,-0.0028364831906991
2024-08-23,0.0035955352733672142
2024-08-27,-0.0056935672458923855
2024-08-28,0.0019433298136198574
2024-08-29,0.0010039128152141486
2024-08-30,-0.0015333264157422447
2024-09-02,-0.0009185154681810072
2024-09-03,0.0009574427242694515
2024-09-04,0.0033308623787645904
2024-09-05,-0.0004322961829402518
2024-09-06,0.0004157967087811546
2024-09-09,0.001158048391530205
2024-09-10,0.0018267465930804075
2024-09-11,0.00305734142535086
2024-09-12,-0.0003429726511808293
2024-09-13,0.0021355508236200926
2024-09-16,0.0014437916241700898
2024-09-17,-0.0010021107159772541
2024-09-18,-0.004797192250237503
2024-09-19,0.0031322286623668497
2024-09-20,-0.00321705862834684
2024-09-23,0.0031976947660303217
2024-09-24,0.004040243179847313
2024-09-25,-0.004082817560788214
2024-09-26,0.003129805726417863
2024-09-27,0.002512291341769511
2024-09-30,-0.0011070502824451131
2024-10-01,0.006062214822377523
2024-10-02,-0.0028904530348755173
2024-10-03,-0.002657687811139448
2024-10-04,-0.003514080113778471
2024-10-07,-0.0015960111093904137
2024-10-08,-0.0008128916894823823
2024-10-09,0.0005200581477021115
2024-10-10,0.0006376974609234889
2024-10-11,0.0006304769870815229
2024-10-14,0.0009597650229443298
2024-10-15,0.003038511606133592
2024-10-16,0.00417224898292055
2024-10-17,0.0002559415819358003
2024-10-18,0.002284334672268353
2024-10-21,-0.007902665112930252
2024-10-22,-0.002711050781084733
2024-10-23,0.001080127180596383
2024-10-24,0.003483801598279457
2024-10-25,-0.0022303601232178828
2024-10-28,0.0011259701137428068
2024-10-29,-0.004202395914335793
2024-10-30,-0.003285935051448482
2024-10-31,-0.005503909814216109
2024-11-01,-0.0004395580643215249
2024-11-04,0.0017496321451151793
2024-11-05,-0.0015863502584068413
2024-11-06,0.00023113074562020042
2024-11-07,0.002506243325099627
2024-11-08,0.0028367603578245354
2024-11-11,0.004833915303595712
2024-11-12,-0.004555017143997263
2024-11-13,-0.0012116005929581168
2024-11-14,0.005491819642030079
2024-11-15,-0.002577927707297768
2024-11-18,-0.0002956705427956187
2024-11-19,-4.496227743529648e-06
2024-11-20,-0.0010974478300725917
2024-11-21,0.002625802813602524
2024-11-22,0.006005410730775532
2024-11-25,0.003176298726695448
2024-11-26,0.0004305021714286752
2024-11-27,0.0008505974916163106
2024-11-28,0.003636084676217353
2024-11-29,0.004395845514142607
2024-12-02,0.0014965481193030055
2024-12-03,0.001637808423264017
2024-12-04,0.0002521278106303119
2024-12-05,-0.00042977262156903195
2024-12-06,0.0006422655494105721
2024-12-09,7.366676062870508e-05
2024-12-10,-0.0014574295122033766
2024-12-11,0.0008391616250812357
2024-12-12,-0.005128827343474278
2024-12-13,-0.0033779721292109877
2024-12-16,-0.0017976060018663209
2024-12-17,0.0007543350463080829
2024-12-18,-0.000396281904549349
2024-12-19,-0.005223303573727302
2024-12-20,0.00025162337088585943
2024-12-23,-0.0033873749124207634
2024-12-27,-0.0019290721516645548
2024-12-30,-0.0005350205246591368
2025-01-02,0.002107198851266529
2025-01-03,-0.0037325288753467054
2025-01-06,0.0017929613618993339
2025-01-07,-0.003806634833119599
2025-01-08,-0.0022749599396594874
2025-01-09,-0.0010579685007739053
2025-01-10,-0.004539190645093044
2025-01-13,-0.0021842611759272756
2025-01-14,-0.0005746933899781488
2025-01-15,0.007600285123113425
2025-01-16,0.003109860402909983
2025-01-17,0.002470172853302045
2025-01-20,0.0012685769380048686
2025-01-21,0.001496124580866568
2025-01-22,-0.00024368581376487514
2025-01-23,-0.00027892407796441634
2025-01-24,-0.001333429577192714
2025-01-27,-0.0003269402341268485
2025-01-28,0.00020086713194260297
2025-01-29,0.00042455992506345674
2025-01-30,0.004961828284813931
2025-01-31,0.003791491882685993
2025-02-03,0.0034755964512418677
2025-02-04,0.0016260871703286028
2025-02-05,0.0018809881895614402
2025-02-06,0.0009695852689812385
2025-02-07,-0.0014945014298241085
2025-02-10,0.002299516712599522
2025-02-11,-0.0036819791869830355
2025-02-12,-0.002293488984412844
2025-02-13,0.005319399625628977
2025-02-14,-0.0009310176067442034
2025-02-17,-0.002795475969610458
2025-02-18,0.0010603668351463597
2025-02-19,-0.004410294531031122
2025-02-20,0.001724403736788644
2025-02-21,0.0031528655912319865
2025-02-24,-0.000884000236590219
2025-02-25,0.0007571953254382321
2025-02-26,0.0026365290792410862
2025-02-27,0.0011832379860924817
2025-02-28,-0.0001875902419754944
2025-03-03,-0.002202528454986464
2025-03-04,-0.002945693648378396
2025-03-05,-0.014711035897649823
2025-03-06,-0.007366008039484281
2025-03-07,0.002014780991888045
2025-03-10,-0.002735865509915341
2025-03-11,-0.0052629879116701484
2025-03-12,0.0016373185690825905
2025-03-13,0.000739444340202258
2025-03-14,0.0022934284272255784
2025-03-17,0.006060924556113636
2025-03-18,-0.00029429525383418704
2025-03-19,0.0006964586053623745
2025-03-20,-0.00034825653910436143
2025-03-21,0.0018373741638720313
2025-03-24,-0.0006544079264164959
2025-03-25,0.00046307274736607357
2025-03-26,-0.00039943668184859557
2025-03-27,0.00011819309292123673
2025-03-28,0.0004146615717601689
2025-03-31,-0.0033468882300011884
2025-04-01,0.004849102203765557
2025-04-02,-0.002274624711113695
2025-04-03,-0.0011380866684596478
2025-04-04,-0.008644230307988804
2025-04-07,-0.014426157841643469
2025-04-08,0.004290031271237443
2025-04-09,-0.005899768613762692
2025-04-10,0.008905679674379873
2025-04-11,-0.0006469783660557973
2025-04-14,0.008258448427270297
2025-04-15,0.0011213696209656687
2025-04-16,0.0036535855931348533
2025-04-17,0.0007886064788669707
2025-04-22,0.0017346761736633928
2025-04-23,0.004375486814165542
2025-04-24,0.004789736936743974
2025-04-25,-0.001921758363945127
2025-04-28,-0.000811287506718607
2025-04-29,0.0017182813909323812
2025-04-30,0.004069544930094166
2025-05-02,-0.003727536748084684
2025-05-06,0.000560699095244919
2025-05-07,0.0034804150404912962
2025-05-08,-0.0011563504788726017
2025-05-09,-0.0019509009193046096
2025-05-12,-0.0027109572018268573
2025-05-13,-0.0029869401829217515
2025-05-14,-0.0016550825060337154
2025-05-15,0.005825577097539605
2025-05-16,0.002895755162933804
2025-05-19,-0.0007043186005923105
2025-05-20,0.0005803391051388219
2025-05-21,-0.003255674871850426
2025-05-22,-0.00010980005404069508
2025-05-23,0.003188394744815127
2025-05-27,0.004828942646667763
2025-05-28,-0.0008912267647802947
2025-05-29,0.00225211832284227
2025-05-30,0.00011923878084230442
2025-06-02,-0.00024230822595770009
2025-06-03,0.001004587790152233
2025-06-04,-0.00020054967335111717
2025-06-05,-0.0050954417260789765
2025-06-06,0.0029851692325659957
2025-06-09,-0.00041189931260762226
2025-06-10,0.003390432367441351
2025-06-11,-0.0009435604156418304
2025-06-12,0.0025946959269754237
2025-06-13,-0.0060295835400429485
2025-06-16,0.0022174878530706156
2025-06-17,-0.001838454617615611
2025-06-18,0.0025336579009649684
2025-06-19,-0.003065902703286113
2025-06-20,0.00019707971304147858
2025-06-23,0.0011656126860376508
2025-06-24,0.0006693015852082191
2025-06-25,-0.0019716418663779773
2025-06-26,0.0019359463696113988
2025-06-27,0.0006617930428099187
2025-06-30,-0.0012945604222272746
2025-07-01,0.00040184281289566627
2025-07-02,-0.0019784473247456327
2025-07-03,0.0021001975927062225
2025-07-04,0.0006177427909020723
2025-07-07,-0.002305626895720939
2025-07-08,-0.0020148487875630023
2025-07-09,4.949125192045619e-05
2025-07-10,-0.0020023809236521576
2025-07-11,-0.0012608909178876706
2025-07-14,0.00023964982331454453
2025-07-15,0.0007681337478069551
2025-07-16,2.878559286723819e-05
2025-07-17,0.003387359949609683
2025-07-18,-0.0013620225266876857
2025-07-21,0.00617128212800888
2025-07-22,0.0015022267081574747
2025-07-23,0.002300142959653306
2025-07-24,-0.006827008975945317
2025-07-25,-0.0015720165321449387
2025-07-28,0.0020821835978658727
2025-07-29,-5.060743407340443e-05
2025-07-30,-0.0008312323219100189
2025-07-31,0.001483887173175326
2025-08-01,-9.757180884134749e-05
2025-08-04,0.005139667936359635
2025-08-05,-9.168749472206889e-06
2025-08-06,-0.00016901615250335404
2025-08-07,0.0018143304533690336
2025-08-08,-0.0023109791413184035
2025-08-11,0.0006883185839708397
2025-08-12,-0.00274420051610742
2025-08-13,0.004127852453054198
2025-08-14,-0.0015028871269391697
2025-08-15,-0.003327087277995306
2025-08-18,0.0006297968230506355
2025-08-19,0.000826628776710331
2025-08-20,0.0016245906035843491
2025-08-21,-0.0032407476470226906
2025-08-22,0.004096842182383851
2025-08-26,-0.0027814996247856666
2025-08-27,0.00029343180239850634
2025-08-28,0.0024587480267032284
2025-08-29,-0.004506015773753848
2025-09-01,-0.0003556864970778752
2025-09-02,-0.004349788430969519
2025-09-03,0.003906747793197145
2025-09-04,0.0031069837365882676
2025-09-05,0.0042979897200375525
2025-09-08,0.0017531242535712352
2025-09-09,-0.0009614905497052429
2025-09-10,0.003845819783746037
2025-09-11,0.0006650124845468959
2025-09-12,-0.0037018116496975056
2025-09-15,0.0018530716081649732
2025-09-16,-0.0007268235865953757
2025-09-17,0.0013800878621225208
2025-09-18,-0.0017055429826505265
2025-09-19,-0.0011638654477685493
2025-09-22,-0.00038913520029601863
2025-09-23,-0.00012685633518376936
2025-09-24,-0.00016388645292729143
2025-09-25,-0.0014891490647129582
2025-09-26,0.001713235064850024
2025-09-29,0.002522455551323803
2025-09-30,7.799709058355611e-05
2025-10-01,0.0004584300490005185
2025-10-02,0.0022132109402738438
2025-10-03,0.0007655518436183027
2025-10-06,-0.0006920092991531419
2025-10-07,-0.0007955472029094099
2025-10-08,0.00501384626130439
2025-10-09,-0.0022765307670844677
2025-10-10,0.0015944978999705784
2025-10-13,0.002747233325373941
2025-10-14,0.0011334367969149562
2025-10-15,0.005244126651768407
2025-10-16,0.0009898766558966998
2025-10-17,-0.0029727923764122427
2025-10-20,0.001847298822603048
2025-10-21,0.0019373167159545744
2025-10-22,-0.0006163797828810045
2025-10-23,-0.00037764685199024445
2025-10-27,-0.0009916153618829728
2025-10-28,-8.296510105305604e-05
2025-10-29,0.0011666725309065272
2025-10-30,-0.0009177768308247334
2025-10-31,7.978885777971137e-05
2025-11-03,0.0003392419725720574
2025-11-04,-0.00048215053554992633
2025-11-05,-0.0006395406657918492
2025-11-06,-0.0005520869961010073
2025-11-07,-0.0032197153177656564
2025-11-10,0.0035673410859745377
2025-11-11,0.001018271235663114
2025-11-12,0.0021730237181421352
2025-11-13,-0.003033601860598329
2025-11-14,-0.002448777164266894
2025-11-17,-0.0009242075645476643
2025-11-18,-0.001460456840419884
2025-11-19,0.00029573362221052834
2025-11-20,-0.0005368415698678354
2025-11-21,-0.0009588222632294347
2025-11-24,0.0028451919831223894
2025-11-25,0.00139465152676025
2025-11-26,0.0025220876431418715
2025-11-27,-0.0011047305212589765
2025-11-28,0.00042771907807047566
2025-12-01,-0.0046468235491730035
2025-12-02,-0.0006933869283652263
2025-12-03,0.0008651685800975188
2025-12-04,-0.0017188159713255296
2025-12-05,-0.00013387373594369808
2025-12-08,-0.00467645926196856
2025-12-09,0.001179117580048166
2025-12-10,-0.0002715717406455801
2025-12-11,0.000271116261689544
2025-12-12,-0.002052401080503405
2025-12-15,0.0016334944080483062
2025-12-16,-0.0010502205476992767
2025-12-17,-0.0013667616845113183
2025-12-18,0.0034629101511536808
2025-12-19,-0.0020174136804247756
2025-12-22,-0.0007911486230338064
2025-12-23,0.003690319956584705
2025-12-29,0.003340860376829289
2025-12-30,-0.0008447863150228485
