Date,close
2016-01-04,0.9213200211524963
2016-01-05,0.9235699772834778
2016-01-06,0.9300600290298462
2016-01-07,0.9277300238609314
2016-01-08,0.9152500033378601
2016-01-11,0.9139900207519531
2016-01-12,0.9209799766540527
2016-01-13,0.9221699833869934
2016-01-14,0.9186099767684937
2016-01-15,0.9208999872207642
2016-01-18,0.9157500267028809
2016-01-19,0.9178500175476074
2016-01-20,0.9163399934768677
2016-01-21,0.9193699955940247
2016-01-22,0.9206399917602539
2016-01-25,0.926010012626648
2016-01-26,0.9214000105857849
2016-01-27,0.9203900098800659
2016-01-28,0.9167600274085999
2016-01-29,0.914330005645752
2016-02-01,0.9237099885940552
2016-02-02,0.9176599979400635
2016-02-03,0.9155799746513367
2016-02-04,0.9016299843788147
2016-02-05,0.8928599953651428
2016-02-08,0.8972600102424622
2016-02-09,0.8936700224876404
2016-02-10,0.8857399821281433
2016-02-11,0.8864499926567078
2016-02-12,0.8835499882698059
2016-02-15,0.8907899856567383
2016-02-16,0.8949300050735474
2016-02-17,0.8970999717712402
2016-02-18,0.8990399837493896
2016-02-19,0.9000099897384644
2016-02-22,0.8989599943161011
2016-02-23,0.9067800045013428
2016-02-24,0.9068599939346313
2016-02-25,0.9079399704933167
2016-02-26,0.9070299863815308
2016-02-29,0.9154199957847595
2016-03-01,0.9183599948883057
2016-03-02,0.9194599986076355
2016-03-03,0.9200500249862671
2016-03-04,0.9133300185203552
2016-03-07,0.9095900058746338
2016-03-08,0.9077699780464172
2016-03-09,0.9087600111961365
2016-03-10,0.9100000262260437
2016-03-11,0.8945800065994263
2016-03-14,0.8954200148582458
2016-03-15,0.9007400274276733
2016-03-16,0.9001700282096863
2016-03-17,0.8913499712944031
2016-03-18,0.8835499882698059
2016-03-21,0.8866000175476074
2016-03-22,0.8899999856948853
2016-03-23,0.8910300135612488
2016-03-24,0.8943700194358826
2016-03-25,0.8954200148582458
2016-03-28,0.8960599899291992
2016-03-29,0.8926399946212769
2016-03-30,0.8855800032615662
2016-03-31,0.8822500109672546
2016-04-01,0.8787599802017212
2016-04-04,0.8779600262641907
2016-04-05,0.8780400156974792
2016-04-06,0.8785799741744995
2016-04-07,0.8768100142478943
2016-04-08,0.8791999816894531
2016-04-11,0.8769599795341492
2016-04-12,0.8762000203132629
2016-04-13,0.878350019454956
2016-04-14,0.8866000175476074
2016-04-15,0.8873100280761719
2016-04-18,0.8849599957466125
2016-04-19,0.8842499852180481
2016-04-20,0.8803099989891052
2016-04-21,0.8845599889755249
2016-04-22,0.8855800032615662
2016-04-25,0.8901500105857849
2016-04-26,0.8873900175094604
2016-04-27,0.8850299715995789
2016-04-28,0.8826900124549866
2016-04-29,0.8805999755859375
2016-05-02,0.8723700046539307
2016-05-03,0.867680013179779
2016-05-04,0.8692600131034851
2016-05-05,0.8700900077819824
2016-05-06,0.8767300248146057
2016-05-09,0.8781200051307678
2016-05-10,0.8781200051307678
2016-05-11,0.8791700005531311
2016-05-12,0.8751199841499329
2016-05-13,0.8789700269699097
2016-05-16,0.8836299777030945
2016-05-17,0.8837000131607056
2016-05-18,0.8837000131607056
2016-05-19,0.8910300135612488
2016-05-20,0.8923799991607666
2016-05-23,0.8911299705505371
2016-05-24,0.8915799856185913
2016-05-25,0.8978300094604492
2016-05-26,0.8961399793624878
2016-05-27,0.8934900164604187
2016-05-30,0.9000899791717529
2016-05-31,0.8969900012016296
2016-06-01,0.8979899883270264
2016-06-02,0.8937299847602844
2016-06-03,0.8967000246047974
2016-06-06,0.8809800148010254
2016-06-07,0.8799700140953064
2016-06-08,0.8804500102996826
2016-06-09,0.8766499757766724
2016-06-10,0.8837800025939941
2016-06-13,0.889680027961731
2016-06-14,0.8856599926948547
2016-06-15,0.8918200135231018
2016-06-16,0.8878899812698364
2016-06-17,0.888729989528656
2016-06-20,0.8811299800872803
2016-06-21,0.8831599950790405
2016-06-22,0.8888400197029114
2016-06-23,0.8827499747276306
2016-06-24,0.883080005645752
2016-06-27,0.9061300158500671
2016-06-28,0.9078500270843506
2016-06-29,0.9030200242996216
2016-06-30,0.8986300230026245
2016-07-01,0.900409996509552
2016-07-04,0.898389995098114
2016-07-05,0.8971800208091736
2016-07-06,0.9037500023841858
2016-07-07,0.9009799957275391
2016-07-08,0.903689980506897
2016-07-11,0.9054700136184692
2016-07-12,0.9043200016021729
2016-07-13,0.9039199948310852
2016-07-14,0.9013100266456604
2016-07-15,0.900409996509552
2016-07-18,0.9047200083732605
2016-07-19,0.903190016746521
2016-07-20,0.9079700112342834
2016-07-21,0.907480001449585
2016-07-22,0.9063799977302551
2016-07-25,0.9115399718284607
2016-07-26,0.909820020198822
2016-07-27,0.910099983215332
2016-07-28,0.9030600190162659
2016-07-29,0.9021700024604797
2016-08-01,0.8954100012779236
2016-08-02,0.8954100012779236
2016-08-03,0.8913400173187256
2016-08-04,0.8967400193214417
2016-08-05,0.8980900049209595
2016-08-08,0.9017500281333923
2016-08-09,0.9022300243377686
2016-08-10,0.899619996547699
2016-08-11,0.8939399719238281
2016-08-12,0.8977400064468384
2016-08-15,0.8955000042915344
2016-08-16,0.8941299915313721
2016-08-17,0.8868399858474731
2016-08-18,0.8850399851799011
2016-08-19,0.8810999989509583
2016-08-22,0.8851000070571899
2016-08-23,0.8834499716758728
2016-08-24,0.8848900198936462
2016-08-25,0.8877999782562256
2016-08-26,0.885699987411499
2016-08-29,0.8928999900817871
2016-08-30,0.8934299945831299
2016-08-31,0.8966000080108643
2016-09-01,0.8960000276565552
2016-09-02,0.892799973487854
2016-09-05,0.8959000110626221
2016-09-06,0.8966000080108643
2016-09-07,0.8885999917984009
2016-09-08,0.8895999789237976
2016-09-09,0.8871999979019165
2016-09-12,0.8895900249481201
2016-09-13,0.8894000053405762
2016-09-14,0.8913699984550476
2016-09-15,0.8891000151634216
2016-09-16,0.8892099857330322
2016-09-19,0.8961799740791321
2016-09-20,0.8944000005722046
2016-09-21,0.8965399861335754
2016-09-22,0.8934000134468079
2016-09-23,0.89205002784729
2016-09-26,0.889739990234375
2016-09-27,0.8888999819755554
2016-09-28,0.8913000226020813
2016-09-29,0.8908699750900269
2016-09-30,0.8913000226020813
2016-10-03,0.8901000022888184
2016-10-04,0.8920300006866455
2016-10-05,0.8920000195503235
2016-10-06,0.8921999931335449
2016-10-07,0.8973000049591064
2016-10-10,0.8931000232696533
2016-10-11,0.897599995136261
2016-10-12,0.9039999842643738
2016-10-13,0.9081100225448608
2016-10-14,0.9049999713897705
2016-10-17,0.9117599725723267
2016-10-18,0.907800018787384
2016-10-19,0.9110000133514404
2016-10-20,0.9111499786376953
2016-10-21,0.9148799777030945
2016-10-24,0.9189000129699707
2016-10-25,0.9194999933242798
2016-10-26,0.9185000061988831
2016-10-27,0.9164199829101562
2016-10-28,0.9174000024795532
2016-10-31,0.9103599786758423
2016-11-01,0.911300003528595
2016-11-02,0.9043999910354614
2016-11-03,0.9010999798774719
2016-11-04,0.9006999731063843
2016-11-07,0.9007999897003174
2016-11-08,0.9047999978065491
2016-11-09,0.9075199961662292
2016-11-10,0.9157000184059143
2016-11-11,0.9182999730110168
2016-11-14,0.923799991607666
2016-11-15,0.9301999807357788
2016-11-16,0.932200014591217
2016-11-17,0.9340000152587891
2016-11-18,0.941349983215332
2016-11-21,0.9448000192642212
2016-11-22,0.9399499893188477
2016-11-23,0.9404000043869019
2016-11-24,0.9483000040054321
2016-11-25,0.9467999935150146
2016-11-28,0.942300021648407
2016-11-29,0.9415000081062317
2016-11-30,0.9391000270843506
2016-12-01,0.944100022315979
2016-12-02,0.9378100037574768
2016-12-05,0.9449999928474426
2016-12-06,0.9296000003814697
2016-12-07,0.9327999949455261
2016-12-08,0.9291999936103821
2016-12-09,0.9415000081062317
2016-12-12,0.9480999708175659
2016-12-13,0.9397000074386597
2016-12-14,0.9408000111579895
2016-12-15,0.9510999917984009
2016-12-16,0.9598000049591064
2016-12-19,0.9569399952888489
2016-12-20,0.9610000252723694
2016-12-21,0.9624199867248535
2016-12-22,0.958899974822998
2016-12-23,0.9580699801445007
2016-12-26,0.9564999938011169
2016-12-27,0.9563000202178955
2016-12-28,0.955810010433197
2016-12-29,0.9599699974060059
2016-12-30,0.9455999732017517
2017-01-02,0.949940025806427
2017-01-03,0.9560199975967407
2017-01-04,0.9596999883651733
2017-01-05,0.9523000121116638
2017-01-06,0.942870020866394
2017-01-09,0.9495000243186951
2017-01-10,0.9444100260734558
2017-01-11,0.9476500153541565
2017-01-12,0.9435999989509583
2017-01-13,0.9419000148773193
2017-01-16,0.940850019454956
2017-01-17,0.9431300163269043
2017-01-18,0.9348599910736084
2017-01-19,0.9409300088882446
2017-01-20,0.9381099939346313
2017-01-23,0.9333800077438354
2017-01-24,0.9293000102043152
2017-01-25,0.9320799708366394
2017-01-26,0.9300600290298462
2017-01-27,0.9360700249671936
2017-01-30,0.9333599805831909
2017-01-31,0.9338300228118896
2017-02-01,0.925599992275238
2017-02-02,0.9287300109863281
2017-02-03,0.9292200207710266
2017-02-06,0.9273899793624878
2017-02-07,0.9308199882507324
2017-02-08,0.9365000128746033
2017-02-09,0.935259997844696
2017-02-10,0.9382100105285645
2017-02-13,0.9416599869728088
2017-02-14,0.9435300230979919
2017-02-15,0.945330023765564
2017-02-16,0.9427400231361389
2017-02-17,0.9370099902153015
2017-02-20,0.9410300254821777
2017-02-21,0.9425600171089172
2017-02-22,0.9485800266265869
2017-02-23,0.9474999904632568
2017-02-24,0.9447799921035767
2017-02-27,0.9476199746131897
2017-02-28,0.9448000192642212
2017-03-01,0.946150004863739
2017-03-02,0.9491400122642517
2017-03-03,0.9514999985694885
2017-03-06,0.9415799975395203
2017-03-07,0.9452499747276306
2017-03-08,0.9460600018501282
2017-03-09,0.9480999708175659
2017-03-10,0.9453200101852417
2017-03-13,0.93545001745224
2017-03-14,0.9388399720191956
2017-03-15,0.9422900080680847
2017-03-16,0.9312800168991089
2017-03-17,0.9280999898910522
2017-03-20,0.930840015411377
2017-03-21,0.9312999844551086
2017-03-22,0.9248600006103516
2017-03-23,0.9267699718475342
2017-03-24,0.9273099899291992
2017-03-27,0.9217000007629395
2017-03-28,0.9207299947738647
2017-03-29,0.9244099855422974
2017-03-30,0.9294000267982483
2017-03-31,0.9357100129127502
2017-04-03,0.937309980392456
2017-04-04,0.9372000098228455
2017-04-05,0.9362999796867371
2017-04-06,0.9369900226593018
2017-04-07,0.9394400119781494
2017-04-10,0.9449999928474426
2017-04-11,0.9436100125312805
2017-04-12,0.9423900246620178
2017-04-13,0.9371500015258789
2017-04-14,0.9419400095939636
2017-04-17,0.9424600005149841
2017-04-18,0.9394500255584717
2017-04-19,0.9320799708366394
2017-04-20,0.9332699775695801
2017-04-21,0.9332799911499023
2017-04-24,0.9196299910545349
2017-04-25,0.9204000234603882
2017-04-26,0.9150599837303162
2017-04-27,0.9166799783706665
2017-04-28,0.92044997215271
2017-05-01,0.9168000221252441
2017-05-02,0.9166799783706665
2017-05-03,0.9144399762153625
2017-05-04,0.9183599948883057
2017-05-05,0.9106199741363525
2017-05-08,0.9119799733161926
2017-05-09,0.9150999784469604
2017-05-10,0.9185400009155273
2017-05-11,0.9199000000953674
2017-05-12,0.9203900098800659
2017-05-15,0.9151399731636047
2017-05-16,0.9106000065803528
2017-05-17,0.901390016078949
2017-05-18,0.8963500261306763
2017-05-19,0.8998000025749207
2017-05-22,0.8924700021743774
2017-05-23,0.889769971370697
2017-05-24,0.8945099711418152
2017-05-25,0.8903999924659729
2017-05-26,0.8920000195503235
2017-05-29,0.8947700262069702
2017-05-30,0.8985499739646912
2017-05-31,0.8951200246810913
2017-06-01,0.8894000053405762
2017-06-02,0.8916000127792358
2017-06-05,0.88646000623703
2017-06-06,0.8883500099182129
2017-06-07,0.8871999979019165
2017-06-08,0.888480007648468
2017-06-09,0.894070029258728
2017-06-12,0.8927000164985657
2017-06-13,0.8931599855422974
2017-06-14,0.8921499848365784
2017-06-15,0.8916000127792358
2017-06-16,0.8971099853515625
2017-06-19,0.8921999931335449
2017-06-20,0.8973000049591064
2017-06-21,0.8979099988937378
2017-06-22,0.8954799771308899
2017-06-23,0.8968899846076965
2017-06-26,0.8929499983787537
2017-06-27,0.8941699862480164
2017-06-28,0.8819000124931335
2017-06-29,0.8785300254821777
2017-06-30,0.8740000128746033
2017-07-03,0.8754199743270874
2017-07-04,0.8794000148773193
2017-07-05,0.8802700042724609
2017-07-06,0.8812999725341797
2017-07-07,0.8752899765968323
2017-07-10,0.8769000172615051
2017-07-12,0.8715400099754333
2017-07-13,0.8757399916648865
2017-07-14,0.8768900036811829
2017-07-17,0.871429979801178
2017-07-18,0.8715100288391113
2017-07-19,0.8658199906349182
2017-07-20,0.8674200177192688
2017-07-21,0.8599399924278259
2017-07-24,0.8560400009155273
2017-07-25,0.8591899871826172
2017-07-26,0.8587700128555298
2017-07-27,0.8526600003242493
2017-07-28,0.8555300235748291
2017-07-31,0.8512600064277649
2017-08-01,0.8457300066947937
2017-08-02,0.8466500043869019
2017-08-03,0.8438000082969666
2017-08-04,0.8414000272750854
2017-08-07,0.8490099906921387
2017-08-08,0.8473899960517883
2017-08-09,0.8507300019264221
2017-08-10,0.8502299785614014
2017-08-11,0.8496000170707703
2017-08-14,0.8456299901008606
2017-08-15,0.8492000102996826
2017-08-16,0.8517000079154968
2017-08-17,0.8493099808692932
2017-08-18,0.8535699844360352
2017-08-21,0.8506100177764893
2017-08-22,0.8465999960899353
2017-08-23,0.8501799702644348
2017-08-24,0.8462700247764587
2017-08-25,0.8472999930381775
2017-08-28,0.8366900086402893
2017-08-29,0.8358500003814697
2017-08-30,0.8353899717330933
2017-08-31,0.8407999873161316
2017-09-01,0.8396000266075134
2017-09-04,0.8415499925613403
2017-09-05,0.8407999873161316
2017-09-06,0.8386399745941162
2017-09-07,0.838379979133606
2017-09-08,0.8313199877738953
2017-09-11,0.8321099877357483
2017-09-12,0.8361600041389465
2017-09-13,0.835099995136261
2017-09-14,0.8410000205039978
2017-09-15,0.8388100266456604
2017-09-18,0.8377199769020081
2017-09-19,0.8361700177192688
2017-09-20,0.8338500261306763
2017-09-21,0.8423100113868713
2017-09-22,0.8371300101280212
2017-09-25,0.8384199738502502
2017-09-26,0.8434799909591675
2017-09-27,0.8484600186347961
2017-09-28,0.8510900139808655
2017-09-29,0.848770022392273
2017-10-02,0.8469300270080566
2017-10-03,0.8522400259971619
2017-10-04,0.8512399792671204
2017-10-05,0.8505399823188782
2017-10-06,0.8537999987602234
2017-10-09,0.851610004901886
2017-10-10,0.8516700267791748
2017-10-11,0.8463900089263916
2017-10-12,0.8427799940109253
2017-10-13,0.8451799750328064
2017-10-16,0.8464499711990356
2017-10-17,0.8478500247001648
2017-10-18,0.8494799733161926
2017-10-19,0.8478000164031982
2017-10-20,0.8440200090408325
2017-10-23,0.8507999777793884
2017-10-24,0.8503999710083008
2017-10-25,0.850409984588623
2017-10-26,0.8459699749946594
2017-10-27,0.85930997133255
2017-10-30,0.8617299795150757
2017-10-31,0.8581699728965759
2017-11-01,0.858240008354187
2017-11-02,0.8599399924278259
2017-11-03,0.8575000166893005
2017-11-06,0.8609600067138672
2017-11-07,0.8611299991607666
2017-11-08,0.8619899749755859
2017-11-09,0.8622999787330627
2017-11-10,0.8586000204086304
2017-11-13,0.8575500249862671
2017-11-14,0.8572700023651123
2017-11-15,0.8479700088500977
2017-11-17,0.8490800261497498
2017-11-20,0.8523799777030945
2017-11-21,0.8517000079154968
2017-11-22,0.8519899845123291
2017-11-23,0.8464000225067139
2017-11-24,0.8435999751091003
2017-11-27,0.8384699821472168
2017-11-28,0.8399900197982788
2017-11-29,0.8440200090408325
2017-11-30,0.8437399864196777
2017-12-01,0.8404600024223328
2017-12-04,0.8431800007820129
2017-12-05,0.8426200151443481
2017-12-06,0.8450999855995178
2017-12-07,0.8471500277519226
2017-12-08,0.8494600057601929
2017-12-11,0.84961998462677
2017-12-12,0.8490700125694275
2017-12-13,0.8515999913215637
2017-12-14,0.8448899984359741
2017-12-15,0.8492599725723267
2017-12-18,0.8515300154685974
2017-12-19,0.8485900163650513
2017-12-20,0.8445000052452087
2017-12-21,0.8418800234794617
2017-12-22,0.8433600068092346
2017-12-25,0.8434500098228455
2017-12-26,0.8422799706459045
2017-12-27,0.8433200120925903
2017-12-28,0.8402799963951111
2017-12-29,0.8374000191688538
2018-01-01,0.8329899907112122
2018-01-02,0.8325300216674805
2018-01-03,0.8289499878883362
2018-01-04,0.832610011100769
2018-01-05,0.8285800218582153
2018-01-08,0.8307399749755859
2018-01-09,0.8353899717330933
2018-01-10,0.8382700085639954
2018-01-11,0.8363900184631348
2018-01-12,0.8304200172424316
2018-01-15,0.8201900124549866
2018-01-16,0.8151000142097473
2018-01-17,0.8149099946022034
2018-01-18,0.8207499980926514
2018-01-19,0.8172199726104736
2018-01-22,0.8159599900245667
2018-01-23,0.8159099817276001
2018-01-24,0.8123300075531006
2018-01-25,0.8070300221443176
2018-01-26,0.8069499731063843
2018-01-29,0.8046299815177917
2018-01-30,0.8076800107955933
2018-01-31,0.8058300018310547
2018-02-01,0.8052399754524231
2018-02-02,0.7993599772453308
2018-02-05,0.803409993648529
2018-02-06,0.8085500001907349
2018-02-07,0.807669997215271
2018-02-08,0.8151199817657471
2018-02-09,0.8156099915504456
2018-02-12,0.8161399960517883
2018-02-13,0.8127599954605103
2018-02-14,0.809469997882843
2018-02-15,0.8021000027656555
2018-02-16,0.7997699975967407
2018-02-19,0.805679976940155
2018-02-20,0.8065400123596191
2018-02-21,0.8106799721717834
2018-02-22,0.8142099976539612
2018-02-23,0.8112499713897705
2018-02-26,0.8138599991798401
2018-02-27,0.8119800090789795
2018-02-28,0.8176400065422058
2018-03-01,0.8202599883079529
2018-03-02,0.8149399757385254
2018-03-05,0.8119900226593018
2018-03-06,0.8105999827384949
2018-03-07,0.8053699731826782
2018-03-08,0.8054999709129333
2018-03-09,0.8125699758529663
2018-03-12,0.8124300241470337
2018-03-13,0.8104000091552734
2018-03-14,0.8069499731063843
2018-03-15,0.8080400228500366
2018-03-16,0.8123999834060669
2018-03-19,0.8142799735069275
2018-03-20,0.8105800151824951
2018-03-21,0.8162000179290771
2018-03-22,0.8098700046539307
2018-03-23,0.8113600015640259
2018-03-26,0.8094300031661987
2018-03-27,0.8027300238609314
2018-03-28,0.8059399724006653
2018-03-29,0.8123300075531006
2018-03-30,0.8128200173377991
2018-04-02,0.8120700120925903
2018-04-03,0.8134899735450745
2018-04-04,0.8144299983978271
2018-04-05,0.8138800263404846
2018-04-06,0.8162199854850769
2018-04-09,0.8148999810218811
2018-04-10,0.8115299940109253
2018-04-11,0.8088600039482117
2018-04-12,0.8083000183105469
2018-04-13,0.8110499978065491
2018-04-16,0.8108599781990051
2018-04-17,0.807420015335083
2018-04-18,0.8082000017166138
2018-04-19,0.8078100085258484
2018-04-20,0.8100100159645081
2018-04-23,0.814769983291626
2018-04-24,0.8190699815750122
2018-04-25,0.8169000148773193
2018-04-26,0.8215799927711487
2018-04-27,0.8257899880409241
2018-04-30,0.8248900175094604
2018-05-01,0.8277300000190735
2018-05-02,0.8339200019836426
2018-05-03,0.8367499709129333
2018-05-04,0.8340799808502197
2018-05-07,0.8364700078964233
2018-05-08,0.8379600048065186
2018-05-09,0.8426100015640259
2018-05-10,0.8440799713134766
2018-05-11,0.8391000032424927
2018-05-14,0.8366699814796448
2018-05-15,0.8381400108337402
2018-05-16,0.8459600210189819
2018-05-17,0.8462399840354919
2018-05-18,0.8478000164031982
2018-05-21,0.8498600125312805
2018-05-22,0.8479999899864197
2018-05-23,0.8482800126075745
2018-05-24,0.8539599776268005
2018-05-25,0.8530499935150146
2018-05-28,0.8555099964141846
2018-05-29,0.860069990158081
2018-05-30,0.866599977016449
2018-05-31,0.8571000099182129
2018-06-01,0.8551999926567078
2018-06-04,0.8569999933242798
2018-06-05,0.8546599745750427
2018-06-06,0.8527899980545044
2018-06-07,0.8485000133514404
2018-06-08,0.8478000164031982
2018-06-11,0.848609983921051
2018-06-12,0.8493199944496155
2018-06-13,0.8511899709701538
2018-06-14,0.8468999862670898
2018-06-15,0.8645600080490112
2018-06-18,0.8623700141906738
2018-06-19,0.859790027141571
2018-06-20,0.8629199862480164
2018-06-21,0.8636299967765808
2018-06-22,0.8616399765014648
2018-06-25,0.8575299978256226
2018-06-26,0.8544999957084656
2018-06-27,0.8583499789237976
2018-06-28,0.8647800087928772
2018-06-29,0.8648300170898438
2018-07-02,0.8562700152397156
2018-07-03,0.8589500188827515
2018-07-04,0.8576899766921997
2018-07-05,0.8574600219726562
2018-07-06,0.8550000190734863
2018-07-09,0.8508999943733215
2018-07-10,0.8505600094795227
2018-07-11,0.8527299761772156
2018-07-12,0.8564000129699707
2018-07-13,0.857200026512146
2018-07-16,0.8562300205230713
2018-07-17,0.8540099859237671
2018-07-18,0.8581299781799316
2018-07-19,0.8586900234222412
2018-07-20,0.857990026473999
2018-07-23,0.8516499996185303
2018-07-24,0.8551300168037415
2018-07-25,0.8557599782943726
2018-07-26,0.8519700169563293
2018-07-27,0.8588899970054626
2018-07-30,0.8575999736785889
2018-07-31,0.8541600108146667
2018-08-01,0.855459988117218
2018-08-02,0.857200026512146
2018-08-03,0.8631100058555603
2018-08-06,0.8648800253868103
2018-08-07,0.8651999831199646
2018-08-08,0.8618500232696533
2018-08-09,0.861270010471344
2018-08-10,0.8677600026130676
2018-08-13,0.8776000142097473
2018-08-14,0.8769999742507935
2018-08-15,0.8813899755477905
2018-08-16,0.8815000057220459
2018-08-17,0.8794000148773193
2018-08-20,0.8743000030517578
2018-08-21,0.8702200055122375
2018-08-22,0.8637999892234802
2018-08-23,0.8632000088691711
2018-08-24,0.8662999868392944
2018-08-27,0.8584499955177307
2018-08-28,0.85589998960495
2018-08-29,0.8553400039672852
2018-08-30,0.8539900183677673
2018-08-31,0.8572900295257568
2018-09-03,0.8619899749755859
2018-09-04,0.8609200119972229
2018-09-05,0.863070011138916
2018-09-06,0.8594599962234497
2018-09-07,0.8605800271034241
2018-09-10,0.8649700284004211
2018-09-11,0.8623700141906738
2018-09-12,0.8623600006103516
2018-09-13,0.8598999977111816
2018-09-14,0.8553000092506409
2018-09-17,0.8599200248718262
2018-09-18,0.8569599986076355
2018-09-19,0.8561699986457825
2018-09-20,0.8565599918365479
2018-09-21,0.8491899967193604
2018-09-24,0.8509899973869324
2018-09-25,0.850849986076355
2018-09-26,0.8501099944114685
2018-09-27,0.851170003414154
2018-09-28,0.8593000173568726
2018-10-01,0.8616700172424316
2018-10-02,0.8637400269508362
2018-10-03,0.8656700253486633
2018-10-04,0.8713600039482117
2018-10-05,0.8682000041007996
2018-10-08,0.8678600192070007
2018-10-09,0.8700100183486938
2018-10-10,0.8690400123596191
2018-10-11,0.8670499920845032
2018-10-12,0.862779974937439
2018-10-15,0.8657000064849854
2018-10-16,0.8633000254631042
2018-10-17,0.8639100193977356
2018-10-18,0.8694999814033508
2018-10-19,0.8726000189781189
2018-10-22,0.8688499927520752
2018-10-23,0.871999979019165
2018-10-24,0.8715999722480774
2018-10-25,0.8772500157356262
2018-10-26,0.8788999915122986
2018-10-29,0.8772900104522705
2018-10-30,0.8790299892425537
2018-10-31,0.8813400268554688
2018-11-01,0.883650004863739
2018-11-02,0.8769400119781494
2018-11-05,0.8773800134658813
2018-11-06,0.8762000203132629
2018-11-07,0.874239981174469
2018-11-08,0.8745800256729126
2018-11-09,0.8796300292015076
2018-11-12,0.8830000162124634
2018-11-13,0.8902000188827515
2018-11-14,0.8840799927711487
2018-11-15,0.8840299844741821
2018-11-16,0.8830100297927856
2018-11-19,0.8761199712753296
2018-11-20,0.872979998588562
2018-11-21,0.8793200254440308
2018-11-22,0.8780900239944458
2018-11-23,0.8769500255584717
2018-11-26,0.8820400238037109
2018-11-27,0.8823500275611877
2018-11-28,0.8850499987602234
2018-11-29,0.8796200156211853
2018-11-30,0.8777499794960022
2018-12-03,0.881659984588623
2018-12-04,0.8806800246238708
2018-12-05,0.8816099762916565
2018-12-06,0.8811299800872803
2018-12-07,0.8791400194168091
2018-12-10,0.8771200180053711
2018-12-11,0.8805500268936157
2018-12-12,0.8831499814987183
2018-12-13,0.8792399764060974
2018-12-14,0.8799999952316284
2018-12-17,0.8844900131225586
2018-12-18,0.8810700178146362
2018-12-19,0.8790900111198425
2018-12-20,0.878000020980835
2018-12-21,0.8728399872779846
2018-12-24,0.879289984703064
2018-12-25,0.8768900036811829
2018-12-26,0.8759999871253967
2018-12-27,0.8801800012588501
2018-12-28,0.874809980392456
2018-12-31,0.8741300106048584
2019-01-01,0.8700900077819824
2019-01-02,0.8724700212478638
2019-01-03,0.8835399746894836
2019-01-04,0.8778799772262573
2019-01-07,0.8763899803161621
2019-01-08,0.8711000084877014
2019-01-09,0.8729000091552734
2019-01-10,0.8654299974441528
2019-01-11,0.8687999844551086
2019-01-14,0.8725900053977966
2019-01-15,0.8716199994087219
2019-01-16,0.8758999705314636
2019-01-17,0.8773400187492371
2019-01-18,0.8777599930763245
2019-01-21,0.8798499703407288
2019-01-22,0.8795599937438965
2019-01-23,0.8799700140953064
2019-01-24,0.8780999779701233
2019-01-25,0.883899986743927
2019-01-28,0.8761900067329407
2019-01-29,0.8748900294303894
2019-01-30,0.8744800090789795
2019-01-31,0.8705000281333923
2019-02-01,0.8733999729156494
2019-02-04,0.8729599714279175
2019-02-05,0.8744099736213684
2019-02-06,0.8764299750328064
2019-02-07,0.8798199892044067
2019-02-08,0.8819299936294556
2019-02-11,0.8830599784851074
2019-02-12,0.8866000175476074
2019-02-13,0.8822500109672546
2019-02-14,0.8877099752426147
2019-02-15,0.8853200078010559
2019-02-18,0.8851100206375122
2019-02-19,0.8840199708938599
2019-02-20,0.881600022315979
2019-02-21,0.8813400268554688
2019-02-22,0.881600022315979
2019-02-25,0.881659984588623
2019-02-26,0.8797000050544739
2019-02-27,0.8777199983596802
2019-02-28,0.8787199854850769
2019-03-01,0.8792399764060974
2019-03-04,0.8790500164031982
2019-03-05,0.8820400238037109
2019-03-06,0.8844000101089478
2019-03-07,0.8838599920272827
2019-03-08,0.892989993095398
2019-03-11,0.89028000831604
2019-03-12,0.888159990310669
2019-03-13,0.8859400153160095
2019-03-14,0.8825299739837646
2019-03-15,0.8842999935150146
2019-03-18,0.8834099769592285
2019-03-19,0.8821300268173218
2019-03-20,0.8806800246238708
2019-03-21,0.8750500082969666
2019-03-22,0.8791199922561646
2019-03-25,0.8852800130844116
2019-03-26,0.8837199807167053
2019-03-27,0.886929988861084
2019-03-28,0.8887500166893005
2019-03-29,0.890470027923584
2019-04-01,0.8909599781036377
2019-04-02,0.8924000263214111
2019-04-03,0.892549991607666
2019-04-04,0.8891299962997437
2019-04-05,0.8907999992370605
2019-04-08,0.8913000226020813
2019-04-09,0.8883799910545349
2019-04-10,0.8875499963760376
2019-04-11,0.8867999911308289
2019-04-12,0.8880400061607361
2019-04-15,0.8845599889755249
2019-04-16,0.8845700025558472
2019-04-17,0.8861299753189087
2019-04-18,0.8851799964904785
2019-04-19,0.8899999856948853
2019-04-22,0.8893200159072876
2019-04-23,0.8881800174713135
2019-04-24,0.8909199833869934
2019-04-25,0.8965799808502197
2019-04-26,0.8979200124740601
2019-04-29,0.89683997631073
2019-04-30,0.8940399885177612
2019-05-01,0.8915799856185913
2019-05-02,0.8927900195121765
2019-05-03,0.8949699997901917
2019-05-06,0.8939899802207947
2019-05-07,0.8927099704742432
2019-05-08,0.8935700058937073
2019-05-09,0.892989993095398
2019-05-10,0.8910999894142151
2019-05-13,0.889959990978241
2019-05-14,0.8902699947357178
2019-05-15,0.8924999833106995
2019-05-16,0.8922799825668335
2019-05-17,0.8949699997901917
2019-05-20,0.8956300020217896
2019-05-21,0.8953700065612793
2019-05-23,0.8964200019836426
2019-05-24,0.8940899968147278
2019-05-27,0.8920900225639343
2019-05-28,0.8933500051498413
2019-05-29,0.8952000141143799
2019-05-30,0.8978800177574158
2019-05-31,0.8983799815177917
2019-06-03,0.8949300050735474
2019-06-04,0.8891800045967102
2019-06-05,0.8885700106620789
2019-06-06,0.8905500173568726
2019-06-07,0.8867999911308289
2019-06-10,0.8833799958229065
2019-06-11,0.8835399746894836
2019-06-12,0.8826500177383423
2019-06-13,0.8852999806404114
2019-06-14,0.886489987373352
2019-06-17,0.8914999961853027
2019-06-18,0.8909000158309937
2019-06-19,0.8930000066757202
2019-06-20,0.8898000121116638
2019-06-21,0.8852999806404114
2019-06-24,0.8783699870109558
2019-06-25,0.8771700263023376
2019-06-26,0.8795099854469299
2019-06-27,0.8791400194168091
2019-06-28,0.8792799711227417
2019-07-01,0.8798999786376953
2019-07-02,0.8859400153160095
2019-07-03,0.8855000138282776
2019-07-04,0.8859000205993652
2019-07-05,0.8860700130462646
2019-07-08,0.8906800150871277
2019-07-09,0.8915799856185913
2019-07-10,0.8921999931335449
2019-07-11,0.888189971446991
2019-07-12,0.888700008392334
2019-07-15,0.88714998960495
2019-07-16,0.8879600167274475
2019-07-17,0.8918799757957458
2019-07-18,0.890500009059906
2019-07-19,0.8879799842834473
2019-07-22,0.8913999795913696
2019-07-23,0.8923699855804443
2019-07-24,0.8967599868774414
2019-07-25,0.8974699974060059
2019-07-26,0.8971700072288513
2019-07-29,0.8982999920845032
2019-07-30,0.8974199891090393
2019-07-31,0.8962200284004211
2019-08-01,0.9031999707221985
2019-08-02,0.9026200175285339
2019-08-05,0.9002500176429749
2019-08-06,0.8893799781799316
2019-08-07,0.892300009727478
2019-08-08,0.8925099968910217
2019-08-09,0.8938800096511841
2019-08-12,0.8921800255775452
2019-08-13,0.8913999795913696
2019-08-14,0.8946899771690369
2019-08-15,0.8974000215530396
2019-08-16,0.8998000025749207
2019-08-19,0.9014000296592712
2019-08-20,0.9022700190544128
2019-08-21,0.9010800123214722
2019-08-22,0.9016500115394592
2019-08-23,0.9021999835968018
2019-08-26,0.8974199891090393
2019-08-27,0.900600016117096
2019-08-28,0.9017099738121033
2019-08-29,0.9020500183105469
2019-08-30,0.9039999842643738
2019-09-02,0.9097700119018555
2019-09-03,0.9117000102996826
2019-09-04,0.9111999869346619
2019-09-05,0.9062100052833557
2019-09-06,0.9060999751091003
2019-09-09,0.9073899984359741
2019-09-10,0.9051100015640259
2019-09-11,0.9049500226974487
2019-09-12,0.9079800248146057
2019-09-13,0.9042999744415283
2019-09-16,0.9022499918937683
2019-09-17,0.9085999727249146
2019-09-18,0.9029600024223328
2019-09-19,0.906499981880188
2019-09-20,0.9050999879837036
2019-09-23,0.9075199961662292
2019-09-24,0.9096099734306335
2019-09-25,0.9077000021934509
2019-09-26,0.9129999876022339
2019-09-27,0.9155200123786926
2019-09-30,0.9138500094413757
2019-10-01,0.917460024356842
2019-10-02,0.9144999980926514
2019-10-03,0.9121000170707703
2019-10-04,0.9111300110816956
2019-10-07,0.9101999998092651
2019-10-08,0.9114000201225281
2019-10-09,0.9124000072479248
2019-10-10,0.910099983215332
2019-10-11,0.9081799983978271
2019-10-14,0.9066179990768433
2019-10-15,0.9067000150680542
2019-10-16,0.9062299728393555
2019-10-17,0.9029399752616882
2019-10-18,0.8986999988555908
2019-10-21,0.896399974822998
2019-10-22,0.8967199921607971
2019-10-23,0.8985300064086914
2019-10-24,0.8982800245285034
2019-10-25,0.9005799889564514
2019-10-28,0.902180016040802
2019-10-29,0.9009699821472168
2019-10-30,0.8996999859809875
2019-10-31,0.8964999914169312
2019-11-01,0.8962900042533875
2019-11-04,0.8955299854278564
2019-11-05,0.8985900282859802
2019-11-06,0.902999997138977
2019-11-07,0.9033100008964539
2019-11-08,0.9074659943580627
2019-11-11,0.9072399735450745
2019-11-12,0.9061700105667114
2019-11-13,0.9080700278282166
2019-11-14,0.9079999923706055
2019-11-15,0.9074000120162964
2019-11-18,0.9045600295066833
2019-11-19,0.9031500220298767
2019-11-20,0.9025269746780396
2019-11-21,0.9026200175285339
2019-11-22,0.9036800265312195
2019-11-25,0.907230019569397
2019-11-26,0.9078999757766724
2019-11-27,0.907230019569397
2019-11-28,0.9086899757385254
2019-11-29,0.9081199765205383
2019-12-02,0.9075199961662292
2019-12-03,0.9025999903678894
2019-12-04,0.9021000266075134
2019-12-05,0.9022799730300903
2019-12-06,0.9004600048065186
2019-12-09,0.9042500257492065
2019-12-10,0.903751015663147
2019-12-11,0.9014899730682373
2019-12-12,0.8980000019073486
2019-12-13,0.8939700126647949
2019-12-16,0.8989199995994568
2019-12-17,0.8979099988937378
2019-12-18,0.8967499732971191
2019-12-19,0.8996099829673767
2019-12-20,0.8988000154495239
2019-12-23,0.9025400280952454
2019-12-24,0.9014000296592712
2019-12-25,0.9017000198364258
2019-12-26,0.9012699723243713
2019-12-27,0.9008100032806396
2019-12-30,0.8942700028419495
2019-12-31,0.8926740288734436
2020-01-01,0.8912000060081482
2020-01-02,0.8912000060081482
2020-01-03,0.8951399922370911
2020-01-06,0.8959000110626221
2020-01-07,0.8930169939994812
2020-01-08,0.8964800238609314
2020-01-09,0.8998299837112427
2020-01-10,0.8999999761581421
2020-01-13,0.8995500206947327
2020-01-14,0.8980100154876709
2020-01-15,0.8984000086784363
2020-01-16,0.8965389728546143
2020-01-17,0.8977000117301941
2020-01-20,0.9013400077819824
2020-01-21,0.9011499881744385
2020-01-22,0.9020699858665466
2020-01-23,0.9011899828910828
2020-01-24,0.9045500159263611
2020-01-27,0.9070000052452087
2020-01-28,0.9074599742889404
2020-01-29,0.907230019569397
2020-01-30,0.9077000021934509
2020-01-31,0.9066900014877319
2020-02-03,0.9017300009727478
2020-02-04,0.9039199948310852
2020-02-05,0.9052000045776367
2020-02-06,0.9089000225067139
2020-02-07,0.9104999899864197
2020-02-10,0.9132999777793884
2020-02-11,0.9162999987602234
2020-02-12,0.9157999753952026
2020-02-13,0.9194599986076355
2020-02-14,0.921999990940094
2020-02-17,0.9223600029945374
2020-02-18,0.9225000143051147
2020-02-19,0.9263200163841248
2020-02-20,0.9250609874725342
2020-02-21,0.9269559979438782
2020-02-24,0.9225900173187256
2020-02-25,0.9217270016670227
2020-02-26,0.9189490079879761
2020-02-27,0.9186199903488159
2020-02-28,0.9093199968338013
2020-03-02,0.9048699736595154
2020-03-03,0.8973399996757507
2020-03-04,0.8944000005722046
2020-03-05,0.8977400064468384
2020-03-06,0.8909599781036377
2020-03-09,0.8782699704170227
2020-03-10,0.8773499727249146
2020-03-11,0.8836650252342224
2020-03-12,0.8879799842834473
2020-03-13,0.8940600156784058
2020-03-16,0.8964300155639648
2020-03-17,0.895799994468689
2020-03-18,0.9078099727630615
2020-03-19,0.9122800230979919
2020-03-20,0.938319981098175
2020-03-23,0.9350699782371521
2020-03-24,0.9289699792861938
2020-03-25,0.9257000088691711
2020-03-26,0.9183099865913391
2020-03-27,0.9051200151443481
2020-03-30,0.8977400064468384
2020-03-31,0.9065799713134766
2020-04-01,0.9068999886512756
2020-04-02,0.9129400253295898
2020-04-03,0.9218800067901611
2020-04-06,0.9253299832344055
2020-04-07,0.925599992275238
2020-04-08,0.9178400039672852
2020-04-09,0.9204999804496765
2020-04-10,0.9151300191879272
2020-04-13,0.9146900177001953
2020-04-14,0.9154999852180481
2020-04-15,0.9103000164031982
2020-04-16,0.9170020222663879
2020-04-17,0.9209399819374084
2020-04-20,0.9202200174331665
2020-04-21,0.9204000234603882
2020-04-22,0.9211099743843079
2020-04-23,0.9251000285148621
2020-04-24,0.9279000163078308
2020-04-27,0.9239000082015991
2020-04-28,0.923799991607666
2020-04-29,0.9228000044822693
2020-04-30,0.9193500280380249
2020-05-01,0.9136199951171875
2020-05-04,0.9124400019645691
2020-05-05,0.9170699715614319
2020-05-06,0.9226300120353699
2020-05-07,0.9260500073432922
2020-05-08,0.9227499961853027
2020-05-11,0.9225500226020813
2020-05-12,0.9251199960708618
2020-05-13,0.9219300150871277
2020-05-14,0.9239000082015991
2020-05-15,0.9253299832344055
2020-05-18,0.9240999817848206
2020-05-19,0.916159987449646
2020-05-20,0.9150999784469604
2020-05-21,0.9104999899864197
2020-05-22,0.9129999876022339
2020-05-25,0.9167749881744385
2020-05-26,0.9171789884567261
2020-05-27,0.9106000065803528
2020-05-28,0.9077000021934509
2020-05-29,0.9025999903678894
2020-06-01,0.899399995803833
2020-06-02,0.8988000154495239
2020-06-03,0.8937000036239624
2020-06-04,0.8899999856948853
2020-06-05,0.8820000290870667
2020-06-08,0.883430004119873
2020-06-09,0.8845199942588806
2020-06-10,0.8824399709701538
2020-06-11,0.879859983921051
2020-06-12,0.885890007019043
2020-06-15,0.888729989528656
2020-06-16,0.8820099830627441
2020-06-17,0.8876500129699707
2020-06-18,0.8894500136375427
2020-06-19,0.8919810056686401
2020-06-22,0.8946499824523926
2020-06-23,0.8865500092506409
2020-06-24,0.8839899897575378
2020-06-25,0.8888199925422668
2020-06-26,0.8910999894142151
2020-06-29,0.8907999992370605
2020-06-30,0.8891100287437439
2020-07-01,0.8899999856948853
2020-07-02,0.8887799978256226
2020-07-03,0.8898500204086304
2020-07-06,0.8891100287437439
2020-07-07,0.8839499950408936
2020-07-08,0.886900007724762
2020-07-09,0.8819000124931335
2020-07-10,0.8859000205993652
2020-07-13,0.8841699957847595
2020-07-14,0.8814070224761963
2020-07-15,0.8763700127601624
2020-07-16,0.875872015953064
2020-07-17,0.8777999877929688
2020-07-20,0.8738999962806702
2020-07-21,0.8726999759674072
2020-07-22,0.8669999837875366
2020-07-23,0.8644000291824341
2020-07-24,0.8623600006103516
2020-07-27,0.8581799864768982
2020-07-28,0.8496699929237366
2020-07-29,0.8533300161361694
2020-07-30,0.8486899733543396
2020-07-31,0.8422999978065491
2020-08-03,0.8487300276756287
2020-08-04,0.8500999808311462
2020-08-05,0.8463500142097473
2020-08-06,0.8422600030899048
2020-08-07,0.8420000076293945
2020-08-10,0.8486999869346619
2020-08-11,0.8519499897956848
2020-08-12,0.8520399928092957
2020-08-13,0.8479030132293701
2020-08-14,0.8462700247764587
2020-08-17,0.8436999917030334
2020-08-18,0.8420000076293945
2020-08-19,0.8369699716567993
2020-08-20,0.844344973564148
2020-08-21,0.842199981212616
2020-08-24,0.847599983215332
2020-08-25,0.8478500247001648
2020-08-26,0.8449500203132629
2020-08-27,0.8443999886512756
2020-08-28,0.8460500240325928
2020-08-31,0.8390499949455261
2020-09-01,0.8375899791717529
2020-09-02,0.838699996471405
2020-09-03,0.8440700173377991
2020-09-04,0.8446099758148193
2020-09-07,0.8449900150299072
2020-09-08,0.8458999991416931
2020-09-09,0.8496000170707703
2020-09-10,0.847000002861023
2020-09-11,0.8457099795341492
2020-09-14,0.8443999886512756
2020-09-15,0.8424599766731262
2020-09-16,0.8442800045013428
2020-09-17,0.8472099900245667
2020-09-18,0.8440099954605103
2020-09-21,0.8442000150680542
2020-09-22,0.8497620224952698
2020-09-23,0.8540899753570557
2020-09-24,0.8577399849891663
2020-09-25,0.856660008430481
2020-09-28,0.8594499826431274
2020-09-29,0.856249988079071
2020-09-30,0.851639986038208
2020-10-01,0.8528000116348267
2020-10-02,0.8514299988746643
2020-10-05,0.8532099723815918
2020-10-06,0.8479999899864197
2020-10-07,0.8519600033760071
2020-10-08,0.8497999906539917
2020-10-09,0.8498340249061584
2020-10-12,0.8462499976158142
2020-10-13,0.8463000059127808
2020-10-14,0.8516299724578857
2020-10-15,0.8514999747276306
2020-10-16,0.8541799783706665
2020-10-19,0.8535699844360352
2020-10-20,0.8496999740600586
2020-10-21,0.8453199863433838
2020-10-22,0.8435999751091003
2020-10-23,0.8463799953460693
2020-10-26,0.8439900279045105
2020-10-27,0.846780002117157
2020-10-28,0.8485999703407288
2020-10-29,0.8511599898338318
2020-10-30,0.8562600016593933
2020-11-02,0.8589500188827515
2020-11-03,0.8589000105857849
2020-11-04,0.8501799702644348
2020-11-05,0.8523200154304504
2020-11-06,0.8461999893188477
2020-11-09,0.8408300280570984
2020-11-10,0.8454999923706055
2020-11-11,0.8461099863052368
2020-11-12,0.8488749861717224
2020-11-13,0.8472139835357666
2020-11-16,0.844219982624054
2020-11-17,0.843209981918335
2020-11-18,0.8429099917411804
2020-11-19,0.8440499901771545
2020-11-20,0.842710018157959
2020-11-23,0.842710018157959
2020-11-24,0.8443999886512756
2020-11-25,0.8403000235557556
2020-11-26,0.8389260172843933
2020-11-27,0.8392080068588257
2020-11-30,0.835319995880127
2020-12-01,0.8376500010490417
2020-12-02,0.8281999826431274
2020-12-03,0.8254500031471252
2020-12-04,0.8233399987220764
2020-12-07,0.8249899744987488
2020-12-08,0.8255500197410583
2020-12-09,0.8256999850273132
2020-12-10,0.8278999924659729
2020-12-11,0.8234320282936096
2020-12-14,0.8241710066795349
2020-12-15,0.8231199979782104
2020-12-16,0.8227540254592896
2020-12-17,0.8197000026702881
2020-12-18,0.8154799938201904
2020-12-21,0.818589985370636
2020-12-22,0.8172000050544739
2020-12-23,0.8205699920654297
2020-12-24,0.8202499747276306
2020-12-25,0.8206999897956848
2020-12-28,0.8193299770355225
2020-12-29,0.8180999755859375
2020-12-30,0.8161299824714661
2020-12-31,0.8130149841308594
2021-01-01,0.8209999799728394
2021-01-04,0.8162800073623657
2021-01-05,0.8162199854850769
2021-01-06,0.8129900097846985
2021-01-07,0.8102999925613403
2021-01-08,0.8148999810218811
2021-01-11,0.8205999732017517
2021-01-12,0.8223209977149963
2021-01-13,0.8190749883651733
2021-01-14,0.8222000002861023
2021-01-15,0.8229600191116333
2021-01-18,0.8286299705505371
2021-01-19,0.828000009059906
2021-01-20,0.8238000273704529
2021-01-21,0.8253800272941589
2021-01-22,0.8219429850578308
2021-01-25,0.8217300176620483
2021-01-26,0.8233000040054321
2021-01-27,0.8221660256385803
2021-01-28,0.8260999917984009
2021-01-29,0.8250799775123596
2021-02-01,0.8248199820518494
2021-02-02,0.8285899758338928
2021-02-03,0.8306300044059753
2021-02-04,0.8303999900817871
2021-02-05,0.8356500267982483
2021-02-08,0.8299599885940552
2021-02-09,0.8296279907226562
2021-02-10,0.8250830173492432
2021-02-11,0.824999988079071
2021-02-12,0.8242999911308289
2021-02-15,0.824940025806427
2021-02-16,0.8242530226707458
2021-02-17,0.826960027217865
2021-02-18,0.8300129771232605
2021-02-19,0.8270000219345093
2021-02-22,0.82464998960495
2021-02-23,0.8219090104103088
2021-02-24,0.8228999972343445
2021-02-25,0.8216000199317932
2021-02-26,0.8223400115966797
2021-03-01,0.8271600008010864
2021-03-02,0.829800009727478
2021-03-03,0.8274400234222412
2021-03-04,0.8298299908638
2021-03-05,0.8355799913406372
2021-03-08,0.8385300040245056
2021-03-09,0.8437600135803223
2021-03-10,0.8404840230941772
2021-03-11,0.8385000228881836
2021-03-12,0.8342999815940857
2021-03-15,0.8368200063705444
2021-03-16,0.8385199904441833
2021-03-17,0.8402199745178223
2021-03-18,0.8345299959182739
2021-03-19,0.8390499949455261
2021-03-22,0.8415300250053406
2021-03-23,0.8380100131034851
2021-03-24,0.8445799946784973
2021-03-25,0.8465200066566467
2021-03-26,0.8491399884223938
2021-03-29,0.8483200073242188
2021-03-30,0.8495450019836426
2021-03-31,0.8529800176620483
2021-04-01,0.8525999784469604
2021-04-02,0.8489000201225281
2021-04-05,0.8497499823570251
2021-04-06,0.8460999727249146
2021-04-07,0.8421599864959717
2021-04-08,0.842199981212616
2021-04-09,0.8392300009727478
2021-04-12,0.8403000235557556
2021-04-13,0.8392999768257141
2021-04-14,0.8365300297737122
2021-04-15,0.8342999815940857
2021-04-16,0.8353000283241272
2021-04-19,0.8354600071907043
2021-04-20,0.8302000164985657
2021-04-21,0.831089973449707
2021-04-22,0.8307200074195862
2021-04-23,0.8323100209236145
2021-04-26,0.8271399736404419
2021-04-27,0.8277000188827515
2021-04-28,0.8271089792251587
2021-04-29,0.8240000009536743
2021-04-30,0.8245999813079834
2021-05-03,0.8314099907875061
2021-05-04,0.8291000127792358
2021-05-05,0.83228999376297
2021-05-06,0.8327800035476685
2021-05-07,0.8285999894142151
2021-05-10,0.821619987487793
2021-05-11,0.8236600160598755
2021-05-12,0.8234180212020874
2021-05-13,0.8279169797897339
2021-05-14,0.828000009059906
2021-05-17,0.8230199813842773
2021-05-18,0.8225799798965454
2021-05-19,0.8180630207061768
2021-05-20,0.8215000033378601
2021-05-21,0.8179699778556824
2021-05-24,0.8208000063896179
2021-05-25,0.8186900019645691
2021-05-26,0.8163869976997375
2021-05-27,0.820169985294342
2021-05-28,0.8201299905776978
2021-05-31,0.8203399777412415
2021-06-01,0.8174700140953064
2021-06-02,0.8184800148010254
2021-06-03,0.8190100193023682
2021-06-04,0.8241980075836182
2021-06-07,0.8217999935150146
2021-06-08,0.8201000094413757
2021-06-09,0.8215000033378601
2021-06-10,0.8208829760551453
2021-06-11,0.8215199708938599
2021-06-14,0.8257499933242798
2021-06-15,0.8249300122261047
2021-06-16,0.8245999813079834
2021-06-17,0.8336399793624878
2021-06-18,0.839389979839325
2021-06-21,0.842199981212616
2021-06-22,0.8394500017166138
2021-06-23,0.8377500176429749
2021-06-24,0.8379999995231628
2021-06-25,0.8381999731063843
2021-06-28,0.837369978427887
2021-06-29,0.8382999897003174
2021-06-30,0.8402000069618225
2021-07-01,0.8434000015258789
2021-07-02,0.8441500067710876
2021-07-05,0.8434399962425232
2021-07-06,0.8428999781608582
2021-07-07,0.8457000255584717
2021-07-08,0.847931981086731
2021-07-09,0.8440240025520325
2021-07-12,0.8422499895095825
2021-07-13,0.8428000211715698
2021-07-14,0.8492299914360046
2021-07-15,0.8450700044631958
2021-07-16,0.8466100096702576
2021-07-19,0.8464530110359192
2021-07-20,0.8478999733924866
2021-07-21,0.8485999703407288
2021-07-22,0.8479800224304199
2021-07-23,0.8494200110435486
2021-07-26,0.849370002746582
2021-07-27,0.8468999862670898
2021-07-28,0.84579998254776
2021-07-29,0.8441699743270874
2021-07-30,0.8408309817314148
2021-08-02,0.8426700234413147
2021-08-03,0.8421300053596497
2021-08-04,0.8424999713897705
2021-08-05,0.8447800278663635
2021-08-06,0.8449000120162964
2021-08-09,0.8511000275611877
2021-08-10,0.8518999814987183
2021-08-11,0.8529999852180481
2021-08-12,0.8516510128974915
2021-08-13,0.8520600199699402
2021-08-16,0.8478400111198425
2021-08-17,0.8489000201225281
2021-08-18,0.8539900183677673
2021-08-19,0.8544600009918213
2021-08-20,0.8564140200614929
2021-08-23,0.8548799753189087
2021-08-24,0.8514599800109863
2021-08-25,0.8508399724960327
2021-08-26,0.8493000268936157
2021-08-27,0.850600004196167
2021-08-30,0.8475289940834045
2021-08-31,0.8476799726486206
2021-09-01,0.8467199802398682
2021-09-02,0.8445299863815308
2021-09-03,0.8420000076293945
2021-09-06,0.8413299918174744
2021-09-07,0.8421000242233276
2021-09-08,0.8443400263786316
2021-09-09,0.8460879921913147
2021-09-10,0.8456000089645386
2021-09-13,0.8465999960899353
2021-09-14,0.8465999960899353
2021-09-15,0.847100019454956
2021-09-16,0.8460239768028259
2021-09-17,0.8497999906539917
2021-09-20,0.8525199890136719
2021-09-21,0.8525000214576721
2021-09-22,0.8530300259590149
2021-09-23,0.8555999994277954
2021-09-24,0.8517699837684631
2021-09-27,0.8530200123786926
2021-09-28,0.8549349904060364
2021-09-29,0.8557000160217285
2021-09-30,0.8619499802589417
2021-10-01,0.8639699816703796
2021-10-04,0.8615300059318542
2021-10-05,0.8607000112533569
2021-10-06,0.8623600006103516
2021-10-07,0.8654000163078308
2021-10-08,0.8650699853897095
2021-10-11,0.8646000027656555
2021-10-12,0.8655200004577637
2021-10-13,0.8669999837875366
2021-10-14,0.8621000051498413
2021-10-15,0.8626999855041504
2021-10-18,0.8622900247573853
2021-10-19,0.8610399961471558
2021-10-20,0.8597000241279602
2021-10-21,0.8579999804496765
2021-10-22,0.8601899743080139
2021-10-25,0.8590999841690063
2021-10-26,0.8611999750137329
2021-10-27,0.8622000217437744
2021-10-28,0.862060010433197
2021-10-29,0.85589998960495
2021-11-01,0.8652999997138977
2021-11-02,0.8621000051498413
2021-11-03,0.8636000156402588
2021-11-04,0.8608999848365784
2021-11-05,0.8654000163078308
2021-11-08,0.8643900156021118
2021-11-09,0.8626999855041504
2021-11-10,0.8623999953269958
2021-11-11,0.8706300258636475
2021-11-12,0.8733000159263611
2021-11-15,0.8740000128746033
2021-11-16,0.8797799944877625
2021-11-17,0.8833000063896179
2021-11-18,0.8833000063896179
2021-11-19,0.8796300292015076
2021-11-22,0.8868600130081177
2021-11-23,0.8895099759101868
2021-11-24,0.8892899751663208
2021-11-25,0.8926200270652771
2021-11-26,0.8920900225639343
2021-11-29,0.8854900002479553
2021-11-30,0.8854699730873108
2021-12-01,0.8825899958610535
2021-12-02,0.883430004119873
2021-12-03,0.8844699859619141
2021-12-06,0.8845800161361694
2021-12-07,0.8859999775886536
2021-12-08,0.8867999911308289
2021-12-09,0.8813999891281128
2021-12-10,0.8854799866676331
2021-12-13,0.8840299844741821
2021-12-14,0.8860999941825867
2021-12-15,0.8880000114440918
2021-12-16,0.8856800198554993
2021-12-17,0.8822900056838989
2021-12-20,0.8894000053405762
2021-12-21,0.8867200016975403
2021-12-22,0.8859300017356873
2021-12-23,0.8827000260353088
2021-12-24,0.8828200101852417
2021-12-27,0.8830599784851074
2021-12-28,0.882610023021698
2021-12-29,0.8838000297546387
2021-12-30,0.8802700042724609
2021-12-31,0.8830000162124634
2022-01-03,0.8792399764060974
2022-01-04,0.8847799897193909
2022-01-05,0.8862400054931641
2022-01-06,0.883899986743927
2022-01-07,0.885200023651123
2022-01-10,0.8807500004768372
2022-01-11,0.8825799822807312
2022-01-12,0.8797799944877625
2022-01-13,0.8740000128746033
2022-01-14,0.8728200197219849
2022-01-17,0.8763700127601624
2022-01-18,0.8763800263404846
2022-01-19,0.88264000415802
2022-01-20,0.8815699815750122
2022-01-21,0.8838800191879272
2022-01-24,0.8817200064659119
2022-01-25,0.8830699920654297
2022-01-26,0.8845999836921692
2022-01-27,0.8894000053405762
2022-01-28,0.8970999717712402
2022-01-31,0.8966699838638306
2022-02-01,0.890500009059906
2022-02-02,0.8870000243186951
2022-02-03,0.8849599957466125
2022-02-04,0.8744500279426575
2022-02-07,0.8729699850082397
2022-02-08,0.8738999962806702
2022-02-09,0.8755599856376648
2022-02-10,0.875540018081665
2022-02-11,0.8759999871253967
2022-02-14,0.8798900246620178
2022-02-15,0.8844599723815918
2022-02-16,0.8805299997329712
2022-02-17,0.8791000247001648
2022-02-18,0.8797799944877625
2022-02-21,0.8836100101470947
2022-02-22,0.8841999769210815
2022-02-23,0.8826799988746643
2022-02-24,0.8845099806785583
2022-02-25,0.8935999870300293
2022-02-28,0.8943700194358826
2022-03-01,0.8915899991989136
2022-03-02,0.8982499837875366
2022-03-03,0.8999000191688538
2022-03-04,0.9035999774932861
2022-03-07,0.9195799827575684
2022-03-08,0.9203600287437439
2022-03-09,0.9175800085067749
2022-03-10,0.9030299782752991
2022-03-11,0.9079399704933167
2022-03-14,0.9147400259971619
2022-03-15,0.9138100147247314
2022-03-16,0.9116299748420715
2022-03-17,0.9072800278663635
2022-03-18,0.9009400010108948
2022-03-21,0.9055399894714355
2022-03-22,0.9076700210571289
2022-03-23,0.9066399931907654
2022-03-24,0.9085699915885925
2022-03-25,0.90829998254776
2022-03-28,0.9105899930000305
2022-03-29,0.909600019454956
2022-03-30,0.9015899896621704
2022-03-31,0.8959100246429443
2022-04-01,0.9031500220298767
2022-04-04,0.9052000045776367
2022-04-05,0.9110900163650513
2022-04-06,0.916890025138855
2022-04-07,0.9175800085067749
2022-04-08,0.9204000234603882
2022-04-11,0.9186999797821045
2022-04-12,0.9192900061607361
2022-04-13,0.9236900210380554
2022-04-14,0.9177200198173523
2022-04-15,0.9241300225257874
2022-04-18,0.9246199727058411
2022-04-19,0.9274899959564209
2022-04-20,0.9264000058174133
2022-04-21,0.9216700196266174
2022-04-22,0.9229199886322021
2022-04-25,0.9249799847602844
2022-04-26,0.9333400130271912
2022-04-27,0.9395300149917603
2022-04-28,0.947409987449646
2022-04-29,0.9520000219345093
2022-05-02,0.9491299986839294
2022-05-03,0.9515600204467773
2022-05-04,0.9498000144958496
2022-05-05,0.9413999915122986
2022-05-06,0.9487900137901306
2022-05-09,0.9494699835777283
2022-05-10,0.9464499950408936
2022-05-11,0.949400007724762
2022-05-12,0.9512500166893005
2022-05-13,0.9634299874305725
2022-05-16,0.9614800214767456
2022-05-17,0.9579499959945679
2022-05-18,0.9480599761009216
2022-05-19,0.9548599720001221
2022-05-20,0.9452700018882751
2022-05-23,0.9460899829864502
2022-05-24,0.9361500144004822
2022-05-25,0.9314000010490417
2022-05-26,0.9357500076293945
2022-05-27,0.9317100048065186
2022-05-30,0.9318400025367737
2022-05-31,0.9282000064849854
2022-06-01,0.9316099882125854
2022-06-02,0.9386000037193298
2022-06-03,0.9301400184631348
2022-06-06,0.9323099851608276
2022-06-07,0.9353299736976624
2022-06-08,0.9347000122070312
2022-06-09,0.9330400228500366
2022-06-10,0.9416900277137756
2022-06-13,0.9532899856567383
2022-06-14,0.9601399898529053
2022-06-15,0.9577999711036682
2022-06-16,0.9563699960708618
2022-06-17,0.9481499791145325
2022-06-20,0.9531599879264832
2022-06-21,0.9505000114440918
2022-06-22,0.949429988861084
2022-06-23,0.9466000199317932
2022-06-24,0.9505599737167358
2022-06-27,0.9464200139045715
2022-06-28,0.9451000094413757
2022-06-29,0.9502500295639038
2022-06-30,0.9572499990463257
2022-07-01,0.9544100165367126
2022-07-04,0.9584100246429443
2022-07-05,0.9584800004959106
2022-07-06,0.9748799800872803
2022-07-07,0.9817000031471252
2022-07-08,0.983299970626831
2022-07-11,0.9836599826812744
2022-07-12,0.9952700138092041
2022-07-13,0.9966999888420105
2022-07-14,0.9967399835586548
2022-07-15,0.997439980506897
2022-07-18,0.9904599785804749
2022-07-19,0.9856899976730347
2022-07-20,0.9773899912834167
2022-07-21,0.9820500016212463
2022-07-22,0.9783700108528137
2022-07-25,0.9803699851036072
2022-07-26,0.9779999852180481
2022-07-27,0.9872099757194519
2022-07-28,0.9794999957084656
2022-07-29,0.9811300039291382
2022-08-01,0.9796000123023987
2022-08-02,0.9745299816131592
2022-08-03,0.9846699833869934
2022-08-04,0.9844800233840942
2022-08-05,0.975820004940033
2022-08-08,0.9832000136375427
2022-08-09,0.9806200265884399
2022-08-10,0.979610025882721
2022-08-11,0.97079998254776
2022-08-12,0.9692999720573425
2022-08-15,0.9750000238418579
2022-08-16,0.9840599894523621
2022-08-17,0.9832199811935425
2022-08-18,0.9822999835014343
2022-08-19,0.9910899996757507
2022-08-22,0.9964900016784668
2022-08-23,1.0060900449752808
2022-08-24,1.0033199787139893
2022-08-25,1.003100037574768
2022-08-26,1.0028799772262573
2022-08-29,1.0061700344085693
2022-08-30,0.9986000061035156
2022-08-31,0.9975000023841858
2022-09-01,0.9961100220680237
2022-09-02,1.00478994846344
2022-09-05,1.0091400146484375
2022-09-06,1.0047999620437622
2022-09-07,1.0103100538253784
2022-09-08,1.0004299879074097
2022-09-09,0.9987999796867371
2022-09-12,0.9929100275039673
2022-09-13,0.9872099757194519
2022-09-14,1.0017999410629272
2022-09-15,1.0016000270843506
2022-09-16,1.001170039176941
2022-09-19,0.9977700114250183
2022-09-20,0.9970499873161316
2022-09-21,1.0029300451278687
2022-09-22,1.0172200202941895
2022-09-23,1.0161000490188599
2022-09-26,1.031999945640564
2022-09-27,1.0391000509262085
2022-09-28,1.042080044746399
2022-09-29,1.030060052871704
2022-09-30,1.0173399448394775
2022-10-03,1.0211700201034546
2022-10-04,1.0170799493789673
2022-10-05,1.0015699863433838
2022-10-06,1.0089800357818604
2022-10-07,1.0215500593185425
2022-10-10,1.0272200107574463
2022-10-11,1.029860019683838
2022-10-12,1.0309100151062012
2022-10-13,1.030079960823059
2022-10-14,1.0255000591278076
2022-10-17,1.0267599821090698
2022-10-18,1.0155999660491943
2022-10-19,1.013800024986267
2022-10-20,1.0239100456237793
2022-10-21,1.0226099491119385
2022-10-24,1.0141899585723877
2022-10-25,1.0114799737930298
2022-10-26,1.003640055656433
2022-10-27,0.9908900260925293
2022-10-28,1.0032299757003784
2022-10-31,1.004520058631897
2022-11-01,1.0115000009536743
2022-11-02,1.0123599767684937
2022-11-03,1.0189100503921509
2022-11-04,1.0256799459457397
2022-11-07,1.0071699619293213
2022-11-08,0.9981399774551392
2022-11-09,0.9919800162315369
2022-11-10,0.9980499744415283
2022-11-11,0.9811400175094604
2022-11-14,0.9681900143623352
2022-11-15,0.9690600037574768
2022-11-16,0.9654499888420105
2022-11-17,0.9620000123977661
2022-11-18,0.9650899767875671
2022-11-21,0.9679700136184692
2022-11-22,0.9760199785232544
2022-11-23,0.9698299765586853
2022-11-24,0.9600399732589722
2022-11-25,0.9607899785041809
2022-11-28,0.9645500183105469
2022-11-29,0.9666000008583069
2022-11-30,0.9685699939727783
2022-12-01,0.9592000246047974
2022-12-02,0.9498100280761719
2022-12-05,0.948390007019043
2022-12-06,0.9526600241661072
2022-12-07,0.9552000164985657
2022-12-08,0.9511799812316895
2022-12-09,0.9470000267028809
2022-12-12,0.9503700137138367
2022-12-13,0.9486100077629089
2022-12-14,0.9410300254821777
2022-12-15,0.9366499781608582
2022-12-16,0.9398000240325928
2022-12-19,0.9447299838066101
2022-12-20,0.9420999884605408
2022-12-21,0.9409999847412109
2022-12-22,0.9424999952316284
2022-12-23,0.9430999755859375
2022-12-26,0.9373999834060669
2022-12-27,0.9398300051689148
2022-12-28,0.9401000142097473
2022-12-29,0.9408000111579895
2022-12-30,0.9380199909210205
2023-01-02,0.9337300062179565
2023-01-03,0.9365299940109253
2023-01-04,0.9481499791145325
2023-01-05,0.9428300261497498
2023-01-06,0.9503700137138367
2023-01-09,0.9384099841117859
2023-01-10,0.931689977645874
2023-01-11,0.931190013885498
2023-01-12,0.928849995136261
2023-01-13,0.9207900166511536
2023-01-16,0.9238200187683105
2023-01-17,0.9233499765396118
2023-01-18,0.9265000224113464
2023-01-19,0.926110029220581
2023-01-20,0.9230300188064575
2023-01-23,0.9203799962997437
2023-01-24,0.9196000099182129
2023-01-25,0.918429970741272
2023-01-26,0.9155799746513367
2023-01-27,0.917900025844574
2023-01-30,0.9198399782180786
2023-01-31,0.9215999841690063
2023-02-01,0.9207299947738647
2023-02-02,0.9080299735069275
2023-02-03,0.9169999957084656
2023-02-06,0.9267100095748901
2023-02-07,0.9319000244140625
2023-02-08,0.9319900274276733
2023-02-09,0.9332000017166138
2023-02-10,0.930899977684021
2023-02-13,0.9365299940109253
2023-02-14,0.9319300055503845
2023-02-15,0.9314699769020081
2023-02-16,0.9352999925613403
2023-02-17,0.9375799894332886
2023-02-20,0.9359400272369385
2023-02-21,0.9361000061035156
2023-02-22,0.9387900233268738
2023-02-23,0.9428799748420715
2023-02-24,0.9435700178146362
2023-02-27,0.9474400281906128
2023-02-28,0.9423999786376953
2023-03-01,0.9454200267791748
2023-03-02,0.9373000264167786
2023-03-03,0.9434199929237366
2023-03-06,0.941070020198822
2023-03-07,0.9355999827384949
2023-03-08,0.9477999806404114
2023-03-09,0.9479100108146667
2023-03-10,0.9447600245475769
2023-03-13,0.9360100030899048
2023-03-14,0.9323999881744385
2023-03-15,0.9321699738502502
2023-03-16,0.9448800086975098
2023-03-17,0.9421399831771851
2023-03-20,0.9364299774169922
2023-03-21,0.9329100251197815
2023-03-22,0.9281399846076965
2023-03-23,0.9199299812316895
2023-03-24,0.9229300022125244
2023-03-27,0.9277999997138977
2023-03-28,0.925320029258728
2023-03-29,0.9225500226020813
2023-03-30,0.9222000241279602
2023-03-31,0.9170399904251099
2023-04-03,0.9256399869918823
2023-04-04,0.9164000153541565
2023-04-05,0.9124000072479248
2023-04-06,0.9171500205993652
2023-04-07,0.9157400131225586
2023-04-10,0.9162899851799011
2023-04-11,0.9200199842453003
2023-04-12,0.9159600138664246
2023-04-13,0.9090999960899353
2023-04-14,0.9046000242233276
2023-04-17,0.9101999998092651
2023-04-18,0.9153000116348267
2023-04-19,0.9111300110816956
2023-04-20,0.9130600094795227
2023-04-21,0.9114999771118164
2023-04-24,0.9097300171852112
2023-04-25,0.90420001745224
2023-04-26,0.9108800292015076
2023-04-27,0.9052000045776367
2023-04-28,0.9064499735832214
2023-05-01,0.9081900119781494
2023-05-02,0.9116399884223938
2023-05-03,0.9081900119781494
2023-05-04,0.9034299850463867
2023-05-05,0.9071999788284302
2023-05-08,0.9075499773025513
2023-05-09,0.9094099998474121
2023-05-10,0.9120200276374817
2023-05-11,0.9104099869728088
2023-05-12,0.9164100289344788
2023-05-15,0.9214299917221069
2023-05-16,0.9196500182151794
2023-05-17,0.9203299880027771
2023-05-18,0.9226499795913696
2023-05-19,0.9280400276184082
2023-05-22,0.9239799976348877
2023-05-23,0.9249799847602844
2023-05-24,0.9285299777984619
2023-05-25,0.9296000003814697
2023-05-26,0.932449996471405
2023-05-29,0.9325699806213379
2023-05-30,0.9339100122451782
2023-05-31,0.9316999912261963
2023-06-01,0.9350000023841858
2023-06-02,0.9293000102043152
2023-06-05,0.9347000122070312
2023-06-06,0.9335500001907349
2023-06-07,0.9347500205039978
2023-06-08,0.933929979801178
2023-06-09,0.9274100065231323
2023-06-12,0.9301499724388123
2023-06-13,0.9291099905967712
2023-06-14,0.9268400073051453
2023-06-15,0.922249972820282
2023-06-16,0.9135800004005432
2023-06-19,0.9139000177383423
2023-06-20,0.9153900146484375
2023-06-21,0.9157199859619141
2023-06-22,0.9096999764442444
2023-06-23,0.9125000238418579
2023-06-26,0.9168699979782104
2023-06-27,0.9165499806404114
2023-06-28,0.9126399755477905
2023-06-29,0.916100025177002
2023-06-30,0.9201300144195557
2023-07-03,0.9168000221252441
2023-07-04,0.9163299798965454
2023-07-05,0.9186999797821045
2023-07-06,0.9211000204086304
2023-07-07,0.9182199835777283
2023-07-10,0.9115999937057495
2023-07-11,0.9085999727249146
2023-07-12,0.9079300165176392
2023-07-13,0.8973000049591064
2023-07-14,0.8909900188446045
2023-07-17,0.8906499743461609
2023-07-18,0.8898699879646301
2023-07-19,0.89055997133255
2023-07-20,0.8924400210380554
2023-07-21,0.8978999853134155
2023-07-24,0.8988500237464905
2023-07-25,0.9039000272750854
2023-07-26,0.9049400091171265
2023-07-27,0.9026600122451782
2023-07-28,0.9108499884605408
2023-07-31,0.9070900082588196
2023-08-01,0.9092900156974792
2023-08-02,0.9084399938583374
2023-08-03,0.9137300252914429
2023-08-04,0.9131100177764893
2023-08-07,0.9088699817657471
2023-08-08,0.9088299870491028
2023-08-09,0.9125000238418579
2023-08-10,0.9109399914741516
2023-08-11,0.910610020160675
2023-08-14,0.9137099981307983
2023-08-15,0.9165999889373779
2023-08-16,0.9170799851417542
2023-08-17,0.9195500016212463
2023-08-18,0.9195700287818909
2023-08-21,0.9194899797439575
2023-08-22,0.9175699949264526
2023-08-23,0.92194002866745
2023-08-24,0.9203199744224548
2023-08-25,0.9259999990463257
2023-08-28,0.9261500239372253
2023-08-29,0.923740029335022
2023-08-30,0.9200299978256226
2023-08-31,0.9146999716758728
2023-09-01,0.9221600294113159
2023-09-04,0.9279999732971191
2023-09-05,0.9264000058174133
2023-09-06,0.9322999715805054
2023-09-07,0.9324700236320496
2023-09-08,0.9347699880599976
2023-09-11,0.9330000281333923
2023-09-12,0.9301999807357788
2023-09-13,0.9299499988555908
2023-09-14,0.9315999746322632
2023-09-15,0.9401000142097473
2023-09-18,0.9373599886894226
2023-09-19,0.9352200031280518
2023-09-20,0.9361500144004822
2023-09-21,0.9387000203132629
2023-09-22,0.9379500150680542
2023-09-25,0.9391000270843506
2023-09-26,0.9441400170326233
2023-09-27,0.946120023727417
2023-09-28,0.9519000053405762
2023-09-29,0.9467499852180481
2023-10-02,0.9465000033378601
2023-10-03,0.9541299939155579
2023-10-04,0.9549000263214111
2023-10-05,0.951740026473999
2023-10-06,0.948170006275177
2023-10-09,0.9463000297546387
2023-10-10,0.9452800154685974
2023-10-11,0.9429699778556824
2023-10-12,0.9412400126457214
2023-10-13,0.9490600228309631
2023-10-16,0.9504299759864807
2023-10-17,0.9474800229072571
2023-10-18,0.9458000063896179
2023-10-19,0.9488999843597412
2023-10-20,0.944599986076355
2023-10-23,0.9442899823188782
2023-10-24,0.9372199773788452
2023-10-25,0.943809986114502
2023-10-26,0.9463199973106384
2023-10-27,0.9465699791908264
2023-10-30,0.9467499852180481
2023-10-31,0.9420599937438965
2023-11-01,0.9452599883079529
2023-11-02,0.9445499777793884
2023-11-03,0.9416999816894531
2023-11-06,0.9317799806594849
2023-11-07,0.932699978351593
2023-11-08,0.9349200129508972
2023-11-09,0.9336699843406677
2023-11-10,0.9374200105667114
2023-11-13,0.9354400038719177
2023-11-14,0.9344199895858765
2023-11-15,0.9192600250244141
2023-11-16,0.9212700128555298
2023-11-17,0.9213399887084961
2023-11-20,0.9168400168418884
2023-11-21,0.9135800004005432
2023-11-22,0.9158999919891357
2023-11-23,0.9182000160217285
2023-11-24,0.9168999791145325
2023-11-27,0.9140400290489197
2023-11-28,0.9125400185585022
2023-11-29,0.9085999727249146
2023-11-30,0.911270022392273
2023-12-01,0.9180999994277954
2023-12-04,0.918429970741272
2023-12-05,0.9226999878883362
2023-12-06,0.9264699816703796
2023-12-07,0.9287899732589722
2023-12-08,0.9265999794006348
2023-12-11,0.9288700222969055
2023-12-12,0.9287999868392944
2023-12-13,0.92603999376297
2023-12-14,0.9186000227928162
2023-12-15,0.9096199870109558
2023-12-18,0.9178299903869629
2023-12-19,0.9154300093650818
2023-12-20,0.9106600284576416
2023-12-21,0.9136000275611877
2023-12-22,0.9085800051689148
2023-12-25,0.9068999886512756
2023-12-26,0.9074199795722961
2023-12-27,0.9055500030517578
2023-12-28,0.9002000093460083
2023-12-29,0.9034900069236755
2024-01-01,0.9045000076293945
2024-01-02,0.9059000015258789
2024-01-03,0.9139299988746643
2024-01-04,0.9150999784469604
2024-01-05,0.9134600162506104
2024-01-08,0.91389000415802
2024-01-09,0.913100004196167
2024-01-10,0.9147099852561951
2024-01-11,0.9111499786376953
2024-01-12,0.910610020160675
2024-01-15,0.9136000275611877
2024-01-16,0.9136000275611877
2024-01-17,0.919219970703125
2024-01-18,0.9186300039291382
2024-01-19,0.919189989566803
2024-01-22,0.9180799722671509
2024-01-23,0.9190999865531921
2024-01-24,0.920989990234375
2024-01-25,0.918969988822937
2024-01-26,0.9219099879264832
2024-01-29,0.9222099781036377
2024-01-30,0.922980010509491
2024-01-31,0.92221999168396
2024-02-01,0.9255899786949158
2024-02-02,0.9195700287818909
2024-02-05,0.9276400208473206
2024-02-06,0.9309399724006653
2024-02-07,0.929610013961792
2024-02-08,0.9280099868774414
2024-02-09,0.9278799891471863
2024-02-12,0.9260799884796143
2024-02-13,0.928309977054596
2024-02-14,0.9337999820709229
2024-02-15,0.9317799806594849
2024-02-16,0.9281700253486633
2024-02-19,0.9272199869155884
2024-02-20,0.9280400276184082
2024-02-21,0.9247999787330627
2024-02-22,0.9241799712181091
2024-02-23,0.9237300157546997
2024-02-26,0.9242100119590759
2024-02-27,0.9215800166130066
2024-02-28,0.9221000075340271
2024-02-29,0.9226099848747253
2024-03-01,0.9254999756813049
2024-03-04,0.9222800135612488
2024-03-05,0.9212200045585632
2024-03-06,0.9211500287055969
2024-03-07,0.9174699783325195
2024-03-08,0.9132300019264221
2024-03-11,0.9138299822807312
2024-03-12,0.9147999882698059
2024-03-13,0.9150999784469604
2024-03-14,0.9128000140190125
2024-03-15,0.9188299775123596
2024-03-18,0.9189000129699707
2024-03-19,0.9196299910545349
2024-03-20,0.9205300211906433
2024-03-21,0.9143099784851074
2024-03-22,0.9206100106239319
2024-03-25,0.925279974937439
2024-03-26,0.9226599931716919
2024-03-27,0.9231600165367126
2024-03-28,0.924780011177063
2024-03-29,0.9264000058174133
2024-04-01,0.9265499711036682
2024-04-02,0.9313399791717529
2024-04-03,0.928629994392395
2024-04-04,0.9226499795913696
2024-04-05,0.922760009765625
2024-04-08,0.9233199954032898
2024-04-09,0.9204999804496765
2024-04-10,0.9208700060844421
2024-04-11,0.9309499859809875
2024-04-12,0.9322400093078613
2024-04-15,0.9390000104904175
2024-04-16,0.9411100149154663
2024-04-17,0.9414899945259094
2024-04-18,0.9372599720954895
2024-04-19,0.9394800066947937
2024-04-22,0.9382399916648865
2024-04-23,0.9386100172996521
2024-04-24,0.9341999888420105
2024-04-25,0.9345899820327759
2024-04-26,0.9319999814033508
2024-04-29,0.9339799880981445
2024-04-30,0.933210015296936
2024-05-01,0.9375100135803223
2024-05-02,0.932699978351593
2024-05-03,0.9316999912261963
2024-05-06,0.9295300245285034
2024-05-07,0.9287199974060059
2024-05-08,0.9301900267601013
2024-05-09,0.9304999709129333
2024-05-10,0.9272000193595886
2024-05-13,0.9284700155258179
2024-05-14,0.9264799952507019
2024-05-15,0.9246799945831299
2024-05-16,0.9182900190353394
2024-05-17,0.9201499819755554
2024-05-20,0.9194999933242798
2024-05-21,0.920740008354187
2024-05-22,0.9212200045585632
2024-05-23,0.923770010471344
2024-05-24,0.924839973449707
2024-05-27,0.9218599796295166
2024-05-28,0.9206500053405762
2024-05-29,0.921500027179718
2024-05-30,0.9257699847221375
2024-05-31,0.9229000210762024
2024-06-03,0.9214000105857849
2024-06-04,0.9168099761009216
2024-06-05,0.9189599752426147
2024-06-06,0.9195799827575684
2024-06-07,0.917900025844574
2024-06-10,0.9277399778366089
2024-06-11,0.9290000200271606
2024-06-12,0.9310700297355652
2024-06-13,0.9247999787330627
2024-06-14,0.9312000274658203
2024-06-17,0.9343900084495544
2024-06-18,0.9310399889945984
2024-06-19,0.930899977684021
2024-06-20,0.9301000237464905
2024-06-21,0.9340199828147888
2024-06-24,0.9356499910354614
2024-06-25,0.9317299723625183
2024-06-26,0.9337400197982788
2024-06-27,0.9363200068473816
2024-06-28,0.9338399767875671
2024-07-01,0.9315099716186523
2024-07-02,0.9313499927520752
2024-07-03,0.9303699731826782
2024-07-04,0.9265000224113464
2024-07-05,0.9250100255012512
2024-07-08,0.9236999750137329
2024-07-09,0.9232800006866455
2024-07-10,0.9246600270271301
2024-07-11,0.9230800271034241
2024-07-12,0.919730007648468
2024-07-15,0.9186499714851379
2024-07-16,0.9172999858856201
2024-07-17,0.9172199964523315
2024-07-18,0.9140599966049194
2024-07-19,0.9172999858856201
2024-07-22,0.9175000190734863
2024-07-23,0.9182900190353394
2024-07-24,0.9215999841690063
2024-07-25,0.9225500226020813
2024-07-26,0.9215499758720398
2024-07-29,0.9213399887084961
2024-07-30,0.9242600202560425
2024-07-31,0.9245499968528748
2024-08-01,0.9238799810409546
2024-08-02,0.9269899725914001
2024-08-05,0.9165199995040894
2024-08-06,0.9131600260734558
2024-08-07,0.9152299761772156
2024-08-08,0.9150699973106384
2024-08-09,0.9161099791526794
2024-08-12,0.9162700176239014
2024-08-13,0.9143900275230408
2024-08-14,0.9093400239944458
2024-08-15,0.9079999923706055
2024-08-16,0.9113500118255615
2024-08-19,0.9070299863815308
2024-08-20,0.9020000100135803
2024-08-21,0.898639976978302
2024-08-22,0.8964300155639648
2024-08-23,0.8995100259780884
2024-08-26,0.8938199877738953
2024-08-27,0.8956800103187561
2024-08-28,0.8946200013160706
2024-08-29,0.8988800048828125
2024-08-30,0.9024900197982788
2024-09-02,0.9053999781608582
2024-09-03,0.9035500288009644
2024-09-04,0.9050700068473816
2024-09-05,0.9024900197982788
2024-09-06,0.8999999761581421
2024-09-09,0.9019399881362915
2024-09-10,0.906000018119812
2024-09-11,0.9073600172996521
2024-09-12,0.9081900119781494
2024-09-13,0.9027000069618225
2024-09-16,0.9018399715423584
2024-09-17,0.8985099792480469
2024-09-18,0.8990300297737122
2024-09-19,0.8996999859809875
2024-09-20,0.8959000110626221
2024-09-23,0.8959900140762329
2024-09-24,0.8999500274658203
2024-09-25,0.893559992313385
2024-09-26,0.898389995098114
2024-09-27,0.8946800231933594
2024-09-30,0.8952699899673462
2024-10-01,0.8979399800300598
2024-10-02,0.9038400053977966
2024-10-03,0.9050999879837036
2024-10-04,0.9061599969863892
2024-10-07,0.9111999869346619
2024-10-08,0.9110999703407288
2024-10-09,0.9110999703407288
2024-10-10,0.9138000011444092
2024-10-11,0.9145900011062622
2024-10-14,0.9153000116348267
2024-10-15,0.9166600108146667
2024-10-16,0.9187700152397156
2024-10-17,0.9205999970436096
2024-10-18,0.9233999848365784
2024-10-21,0.9200800061225891
2024-10-22,0.9243999719619751
2024-10-23,0.9261599779129028
2024-10-24,0.9276000261306763
2024-10-25,0.9238600134849548
2024-10-28,0.9262199997901917
2024-10-29,0.9244899749755859
2024-10-30,0.9241600036621094
2024-10-31,0.9208800196647644
2024-11-01,0.9186000227928162
2024-11-04,0.9195799827575684
2024-11-05,0.9196199774742126
2024-11-06,0.9145399928092957
2024-11-07,0.9316999912261963
2024-11-08,0.9263399839401245
2024-11-11,0.9332799911499023
2024-11-12,0.9376999735832214
2024-11-13,0.9419100284576416
2024-11-14,0.9466000199317932
2024-11-15,0.9496600031852722
2024-11-18,0.9493299722671509
2024-11-19,0.9438499808311462
2024-11-20,0.9427199959754944
2024-11-21,0.9482100009918213
2024-11-22,0.9551699757575989
2024-11-25,0.9542099833488464
2024-11-26,0.9574599862098694
2024-11-27,0.9531800150871277
2024-11-28,0.9467499852180481
2024-11-29,0.9466999769210815
2024-12-02,0.9483100175857544
2024-12-03,0.952269971370697
2024-12-04,0.9513999819755554
2024-12-05,0.9510999917984009
2024-12-06,0.9446799755096436
2024-12-09,0.9464799761772156
2024-12-10,0.9473999738693237
2024-12-11,0.949400007724762
2024-12-12,0.9517599940299988
2024-12-13,0.9547399878501892
2024-12-16,0.9514700174331665
2024-12-17,0.9508100152015686
2024-12-18,0.9528300166130066
2024-12-19,0.966159999370575
2024-12-20,0.9647899866104126
2024-12-23,0.9584900140762329
2024-12-24,0.9610000252723694
2024-12-25,0.9613000154495239
2024-12-26,0.9615799784660339
2024-12-27,0.9593999981880188
2024-12-30,0.9588299989700317
2024-12-31,0.9609699845314026
2025-01-02,0.9660099744796753
2025-01-03,0.9738799929618835
2025-01-06,0.9703699946403503
2025-01-07,0.9628000259399414
2025-01-08,0.9666000008583069
2025-01-09,0.9694899916648865
2025-01-10,0.9710999727249146
2025-01-13,0.976140022277832
2025-01-14,0.9741600155830383
2025-01-15,0.970229983329773
2025-01-16,0.9713199734687805
2025-01-17,0.9706900119781494
2025-01-20,0.9730100035667419
2025-01-21,0.959630012512207
2025-01-22,0.9609900116920471
2025-01-23,0.9606000185012817
2025-01-24,0.9600600004196167
2025-01-27,0.9553300142288208
2025-01-28,0.9573900103569031
2025-01-29,0.9588599801063538
2025-01-30,0.9592099785804749
2025-01-31,0.9617900252342224
2025-02-03,0.975820004940033
2025-02-04,0.9682999849319458
2025-02-05,0.9640600085258484
2025-02-06,0.9614599943161011
2025-02-07,0.9628599882125854
2025-02-10,0.9697800278663635
2025-02-11,0.9707300066947937
2025-02-12,0.9647899866104126
2025-02-13,0.9622799754142761
2025-02-14,0.9558699727058411
2025-02-17,0.9533600211143494
2025-02-18,0.9537100195884705
2025-02-19,0.9570900201797485
2025-02-20,0.9595999717712402
2025-02-21,0.9523299932479858
2025-02-24,0.9546700119972229
2025-02-25,0.9559000134468079
2025-02-26,0.9502000212669373
2025-02-27,0.9534000158309937
2025-02-28,0.9619899988174438
2025-03-03,0.9602599740028381
2025-03-04,0.9537400007247925
2025-03-05,0.9409999847412109
2025-03-06,0.926360011100769
2025-03-07,0.9269599914550781
2025-03-10,0.9207599759101868
2025-03-11,0.9225599765777588
2025-03-12,0.9162399768829346
2025-03-13,0.9185900092124939
2025-03-14,0.921180009841919
2025-03-17,0.9190099835395813
2025-03-18,0.9158200025558472
2025-03-19,0.9141200184822083
2025-03-20,0.9164299964904785
2025-03-21,0.9210900068283081
2025-03-24,0.9228699803352356
2025-03-25,0.9256200194358826
2025-03-26,0.9269999861717224
2025-03-27,0.9309200048446655
2025-03-28,0.9258400201797485
2025-03-31,0.9238799810409546
2025-04-01,0.924310028553009
2025-04-02,0.9262700080871582
2025-04-03,0.916700005531311
2025-04-04,0.905489981174469
2025-04-07,0.9103699922561646
2025-04-08,0.9161400198936462
2025-04-09,0.9107099771499634
2025-04-10,0.913070023059845
2025-04-11,0.8882700204849243
2025-04-14,0.8815900087356567
2025-04-15,0.8818600177764893
2025-04-16,0.8855299949645996
2025-04-17,0.8774399757385254
2025-04-22,0.8686000108718872
2025-04-23,0.8809599876403809
2025-04-24,0.8828200101852417
2025-04-25,0.879360020160675
2025-04-28,0.8815900087356567
2025-04-29,0.8764899969100952
2025-04-30,0.8780199885368347
2025-05-01,0.8830100297927856
2025-05-02,0.8852300047874451
2025-05-05,0.8831400275230408
2025-05-06,0.8839100003242493
2025-05-07,0.8816199898719788
2025-05-08,0.8844699859619141
2025-05-09,0.8909299969673157
2025-05-12,0.890500009059906
2025-05-13,0.9012600183486938
2025-05-14,0.8940100073814392
2025-05-15,0.8942999839782715
2025-05-16,0.8934400081634521
2025-05-19,0.8938500285148621
2025-05-20,0.8902000188827515
2025-05-21,0.8859000205993652
2025-05-22,0.8825200200080872
2025-05-23,0.8863800168037415
2025-05-26,0.879289984703064
2025-05-27,0.8780800104141235
2025-05-28,0.8820599913597107
2025-05-29,0.8901799917221069
2025-05-30,0.8788599967956543
2025-06-02,0.8808000087738037
2025-06-03,0.8730999827384949
2025-06-04,0.8783900141716003
2025-06-05,0.8755000233650208
2025-06-06,0.8730700016021729
2025-06-09,0.8765900135040283
2025-06-10,0.8750399947166443
2025-06-11,0.8743199706077576
2025-06-12,0.8688600063323975
2025-06-13,0.8620499968528748
2025-06-16,0.8652999997138977
2025-06-17,0.8657000064849854
2025-06-18,0.8708800077438354
2025-06-19,0.8712700009346008
2025-06-20,0.8686000108718872
2025-06-23,0.8694999814033508
2025-06-24,0.8621399998664856
2025-06-25,0.8611599802970886
2025-06-26,0.8558899760246277
2025-06-27,0.8552700281143188
2025-06-30,0.8526999950408936
2025-07-01,0.8483800292015076
2025-07-02,0.8470600247383118
2025-07-03,0.8474400043487549
2025-07-04,0.8495100140571594
2025-07-07,0.8488399982452393
2025-07-08,0.8520399928092957
2025-07-09,0.8529099822044373
2025-07-10,0.852429986000061
2025-07-11,0.8544999957084656
2025-07-14,0.8560100197792053
2025-07-15,0.8571699857711792
2025-07-16,0.861519992351532
2025-07-17,0.8594200015068054
2025-07-18,0.8609200119972229
2025-07-21,0.859790027141571
2025-07-22,0.8550999760627747
2025-07-23,0.8518499732017517
2025-07-24,0.8493099808692932
2025-07-25,0.8506199717521667
2025-07-28,0.850570023059845
2025-07-29,0.862309992313385
2025-07-30,0.8657299876213074
2025-07-31,0.8749399781227112
2025-08-01,0.8753700256347656
2025-08-04,0.8630599975585938
2025-08-05,0.8632500171661377
2025-08-06,0.8636199831962585
2025-08-07,0.8574000000953674
2025-08-08,0.856410026550293
2025-08-11,0.858519971370697
2025-08-12,0.8607000112533569
2025-08-13,0.8563799858093262
2025-08-14,0.8537600040435791
2025-08-15,0.858269989490509
2025-08-18,0.8542199730873108
2025-08-19,0.8570200204849243
2025-08-20,0.8589199781417847
2025-08-21,0.858240008354187
2025-08-22,0.8611000180244446
2025-08-25,0.8539999723434448
2025-08-26,0.8607000112533569
2025-08-27,0.8591499924659729
2025-08-28,0.858519971370697
2025-08-29,0.8560500144958496
2025-09-01,0.8553000092506409
2025-09-02,0.8535400032997131
2025-09-03,0.8593999743461609
2025-09-04,0.8575999736785889
2025-09-05,0.8578600287437439
2025-09-08,0.8537399768829346
2025-09-09,0.8496800065040588
2025-09-10,0.8544999957084656
2025-09-11,0.854449987411499
2025-09-12,0.8521699905395508
2025-09-15,0.8527699708938599
2025-09-16,0.8500699996948242
2025-09-17,0.8423600196838379
2025-09-18,0.8455700278282166
2025-09-19,0.8481000065803528
2025-09-22,0.8520100116729736
2025-09-23,0.8473799824714661
2025-09-24,0.8464199900627136
2025-09-25,0.8514500260353088
2025-09-26,0.8574299812316895
2025-09-29,0.8540999889373779
2025-09-30,0.8524100184440613
2025-10-01,0.8520900011062622
2025-10-02,0.8522199988365173
2025-10-03,0.852869987487793
2025-10-06,0.8537899851799011
2025-10-07,0.853950023651123
2025-10-08,0.8580300211906433
2025-10-09,0.8597000241279602
2025-10-10,0.8645700216293335
2025-10-13,0.8618900179862976
2025-10-14,0.8645399808883667
2025-10-15,0.8618999719619751
2025-10-16,0.8586400151252747
2025-10-17,0.8547300100326538
2025-10-20,0.8578199744224548
2025-10-21,0.858780026435852
2025-10-22,0.8620399832725525
2025-10-23,0.8614400029182434
2025-10-24,0.860729992389679
2025-10-27,0.85971999168396
2025-10-28,0.858240008354187
2025-10-29,0.8577899932861328
2025-10-30,0.8618199825286865
2025-10-31,0.8641200065612793
2025-11-03,0.8674499988555908
2025-11-04,0.868120014667511
2025-11-05,0.8706600069999695
2025-11-06,0.8698099851608276
2025-11-07,0.8658599853515625
2025-11-10,0.8662599921226501
2025-11-11,0.8652600049972534
2025-11-12,0.8629999756813049
2025-11-13,0.8626499772071838
2025-11-14,0.8597000241279602
2025-11-17,0.8609300255775452
2025-11-18,0.8627700209617615
2025-11-19,0.8634700179100037
2025-11-20,0.8665000200271606
2025-11-21,0.8669599890708923
2025-11-24,0.8689900040626526
2025-11-25,0.8680499792098999
2025-11-26,0.8646900057792664
2025-11-27,0.8619099855422974
2025-11-28,0.8620799779891968
2025-12-01,0.8619599938392639
2025-12-02,0.8615000247955322
2025-12-03,0.8600000143051147
2025-12-04,0.8571299910545349
2025-12-05,0.8589000105857849
2025-12-08,0.8590899705886841
2025-12-09,0.859000027179718
2025-12-10,0.859969973564148
2025-12-11,0.854610025882721
2025-12-12,0.851830005645752
2025-12-15,0.8519600033760071
2025-12-16,0.8507300019264221
2025-12-17,0.8511000275611877
2025-12-18,0.8516200184822083
2025-12-19,0.8528299927711487
2025-12-22,0.8541100025177002
2025-12-23,0.8499100208282471
2025-12-24,0.8477799892425537
2025-12-26,0.8485100269317627
2025-12-29,0.8494200110435486
2025-12-30,0.8494099974632263
